-- phpMyAdmin SQL Dump
-- version 5.2.1
-- https://www.phpmyadmin.net/
--
-- Servidor: 127.0.0.1
-- Tiempo de generación: 24-04-2025 a las 16:01:04
-- Versión del servidor: 10.4.32-MariaDB
-- Versión de PHP: 8.2.12

SET SQL_MODE = "NO_AUTO_VALUE_ON_ZERO";
START TRANSACTION;
SET time_zone = "+00:00";


/*!40101 SET @OLD_CHARACTER_SET_CLIENT=@@CHARACTER_SET_CLIENT */;
/*!40101 SET @OLD_CHARACTER_SET_RESULTS=@@CHARACTER_SET_RESULTS */;
/*!40101 SET @OLD_COLLATION_CONNECTION=@@COLLATION_CONNECTION */;
/*!40101 SET NAMES utf8mb4 */;

--
-- Base de datos: `fitme`
--

-- --------------------------------------------------------

--
-- Estructura de tabla para la tabla `ejercicios`
--

CREATE TABLE `ejercicios` (
  `id` int(11) NOT NULL,
  `nombre` varchar(255) NOT NULL,
  `imagen` varchar(255) DEFAULT NULL,
  `video` varchar(255) DEFAULT NULL
) ENGINE=InnoDB DEFAULT CHARSET=utf8mb4 COLLATE=utf8mb4_general_ci;

--
-- Volcado de datos para la tabla `ejercicios`
--

INSERT INTO `ejercicios` (`id`, `nombre`, `imagen`, `video`) VALUES
(11, 'Press Banca', 'http://localhost:4321/uploads/67e53a58d994a-png-clipart-bench-press-exercise-barbell-strength-training-barbell-angle-physical-fitness.png', 'https://www.youtube.com/watch?v=jlFl7WJ1TzI&t=11s&pp=ygULcHJlc3MgYmFuY2E%3D'),
(16, 'Sentadillas', 'sentadillas.jpg', 'https://www.youtube.com/watch?v=aclHkVaku9U'),
(17, 'Flexiones', 'flexiones.jpg', 'https://www.youtube.com/watch?v=IODxDxX7oi4'),
(18, 'Plancha', 'plancha.jpg', 'https://www.youtube.com/watch?v=pSHjTRCQxIw'),
(19, 'Pull-up', 'pull_up.jpg', 'https://www.youtube.com/watch?v=eGo4IYlbE5g'),
(20, 'Press de banca', 'press_banca.jpg', 'https://www.youtube.com/watch?v=rT7DgCr-3pg'),
(21, 'Peso muerto', 'peso_muerto.jpg', 'https://www.youtube.com/watch?v=op9kVnSso6Q'),
(22, 'Curl de bíceps', 'curl_biceps.jpg', 'https://www.youtube.com/watch?v=ykJmrZ5v0Oo'),
(23, 'Tríceps en banco', 'triceps_banco.jpg', 'https://www.youtube.com/watch?v=6kALZikXxLc'),
(24, 'Ab twist', 'ab_twist.jpg', 'https://www.youtube.com/watch?v=wkD8rjkodUI'),
(25, 'Elevaciones de pierna', 'elevaciones_pierna.jpg', 'https://www.youtube.com/watch?v=l4kQd9eWclE'),
(26, 'Mountain climbers', 'mountain_climbers.jpg', 'https://www.youtube.com/watch?v=nmwgirgXLYM'),
(27, 'Zancadas', 'zancadas.jpg', 'https://www.youtube.com/watch?v=QOVaHwm-Q6U'),
(28, 'Abdominales en bicicleta', 'ab_bicicleta.jpg', 'https://www.youtube.com/watch?v=9FGilxCbdz8'),
(29, 'Push Press', 'push_press.jpg', 'https://www.youtube.com/watch?v=LkJUNR9pD9M'),
(30, 'Jump Squats', 'jump_squats.jpg', 'https://www.youtube.com/watch?v=U4s4mEQ5VqU'),
(31, 'Burpees', 'burpees.jpg', 'https://www.youtube.com/watch?v=TU8QYVW0gDU'),
(32, 'Superman', 'superman.jpg', 'https://www.youtube.com/watch?v=z6PJMT2y8GQ'),
(33, 'Russian Twists', 'russian_twists.jpg', 'https://www.youtube.com/watch?v=NeAtimSCxsY'),
(34, 'Elevación de talones', 'elevacion_talones.jpg', 'https://www.youtube.com/watch?v=ROJ1zJzDlP4'),
(35, 'Lifting de hombros', 'lifting_hombros.jpg', 'https://www.youtube.com/watch?v=LIQ9Uxz8tVQ'),
(36, 'Cardio kickboxing', 'cardio_kickboxing.jpg', 'https://www.youtube.com/watch?v=9Z9gJ3oB8tM'),
(37, 'Kettlebell swings', 'kettlebell_swings.jpg', 'https://www.youtube.com/watch?v=YSx8tZLrAJo'),
(38, 'Press militar', 'press_militar.jpg', 'https://www.youtube.com/watch?v=Mq4A0vAQL1s'),
(39, 'Leg Press', 'leg_press.jpg', 'https://www.youtube.com/watch?v=IZxyjW7MPJQ'),
(40, 'Chest Fly', 'chest_fly.jpg', 'chest_fly.mp4'),
(41, 'Lat Pulldown', 'lat_pulldown.jpg', 'lat_pulldown.mp4'),
(42, 'Face Pulls', 'face_pulls.jpg', 'face_pulls.mp4'),
(43, 'Hip Thrusts', 'hip_thrusts.jpg', 'hip_thrusts.mp4'),
(44, 'Sled Push', 'sled_push.jpg', 'sled_push.mp4'),
(45, 'Cable Rows', 'cable_rows.jpg', 'cable_rows.mp4'),
(46, 'Sentadillas', 'sentadillas.jpg', 'sentadillas.mp4'),
(47, 'Flexiones', 'flexiones.jpg', 'flexiones.mp4'),
(48, 'Plancha', 'plancha.jpg', 'plancha.mp4'),
(49, 'Pull-up', 'pull_up.jpg', 'pull_up.mp4'),
(50, 'Press de banca', 'press_banca.jpg', 'press_banca.mp4'),
(51, 'Peso muerto', 'peso_muerto.jpg', 'peso_muerto.mp4'),
(52, 'Curl de bíceps', 'curl_biceps.jpg', 'curl_biceps.mp4'),
(53, 'Tríceps en banco', 'triceps_banco.jpg', 'triceps_banco.mp4'),
(54, 'Ab twist', 'ab_twist.jpg', 'ab_twist.mp4'),
(55, 'Elevaciones de pierna', 'elevaciones_pierna.jpg', 'elevaciones_pierna.mp4'),
(56, 'Mountain climbers', 'mountain_climbers.jpg', 'mountain_climbers.mp4'),
(57, 'Zancadas', 'zancadas.jpg', 'zancadas.mp4'),
(58, 'Abdominales en bicicleta', 'ab_bicicleta.jpg', 'ab_bicicleta.mp4'),
(59, 'Push Press', 'push_press.jpg', 'push_press.mp4'),
(60, 'Jump Squats', 'jump_squats.jpg', 'jump_squats.mp4'),
(61, 'Burpees', 'burpees.jpg', 'burpees.mp4'),
(62, 'Superman', 'superman.jpg', 'superman.mp4'),
(63, 'Russian Twists', 'russian_twists.jpg', 'russian_twists.mp4'),
(64, 'Elevación de talones', 'elevacion_talones.jpg', 'elevacion_talones.mp4'),
(65, 'Lifting de hombros', 'lifting_hombros.jpg', 'lifting_hombros.mp4'),
(66, 'Cardio kickboxing', 'cardio_kickboxing.jpg', 'cardio_kickboxing.mp4'),
(67, 'Kettlebell swings', 'kettlebell_swings.jpg', 'kettlebell_swings.mp4'),
(68, 'Press militar', 'press_militar.jpg', 'press_militar.mp4'),
(69, 'Leg Press', 'leg_press.jpg', 'leg_press.mp4'),
(70, 'Chest Fly', 'chest_fly.jpg', 'chest_fly.mp4'),
(71, 'Lat Pulldown', 'lat_pulldown.jpg', 'lat_pulldown.mp4'),
(72, 'Face Pulls', 'face_pulls.jpg', 'face_pulls.mp4'),
(73, 'Hip Thrusts', 'hip_thrusts.jpg', 'hip_thrusts.mp4'),
(74, 'Sled Push', 'sled_push.jpg', 'sled_push.mp4'),
(75, 'Cable Rows', 'cable_rows.jpg', 'cable_rows.mp4');

-- --------------------------------------------------------

--
-- Estructura de tabla para la tabla `ejercicios_rutina`
--

CREATE TABLE `ejercicios_rutina` (
  `id` int(11) NOT NULL,
  `idRutina` int(11) DEFAULT NULL,
  `dia_semana` enum('Lunes','Martes','Miercoles','Jueves','Viernes','Sábado','Domingo') NOT NULL,
  `idEjercicio` int(11) DEFAULT NULL,
  `series` int(11) NOT NULL,
  `repeticionesInicio` int(11) NOT NULL DEFAULT 10,
  `repeticionesFin` int(11) NOT NULL DEFAULT 12,
  `peso` float DEFAULT NULL
) ENGINE=InnoDB DEFAULT CHARSET=utf8mb4 COLLATE=utf8mb4_general_ci;

--
-- Volcado de datos para la tabla `ejercicios_rutina`
--

INSERT INTO `ejercicios_rutina` (`id`, `idRutina`, `dia_semana`, `idEjercicio`, `series`, `repeticionesInicio`, `repeticionesFin`, `peso`) VALUES
(9, 15, 'Lunes', 11, 3, 10, 15, 60),
(10, 15, 'Miercoles', 21, 5, 3, 5, 200),
(11, 15, 'Viernes', 16, 5, 3, 5, 180);

-- --------------------------------------------------------

--
-- Estructura de tabla para la tabla `ejercicio_musculo`
--

CREATE TABLE `ejercicio_musculo` (
  `ejercicio_id` int(11) NOT NULL,
  `musculo_id` int(11) NOT NULL
) ENGINE=InnoDB DEFAULT CHARSET=utf8mb4 COLLATE=utf8mb4_general_ci;

--
-- Volcado de datos para la tabla `ejercicio_musculo`
--

INSERT INTO `ejercicio_musculo` (`ejercicio_id`, `musculo_id`) VALUES
(11, 1),
(11, 2),
(11, 8),
(16, 5),
(17, 1),
(18, 1),
(18, 8),
(19, 3),
(19, 4),
(20, 1),
(20, 8),
(21, 5),
(21, 6),
(22, 4),
(23, 2),
(23, 8),
(24, 1),
(25, 1),
(25, 6),
(26, 1),
(26, 7),
(27, 5),
(27, 6),
(28, 1),
(29, 8),
(30, 5),
(30, 6),
(31, 5),
(31, 7),
(32, 3),
(33, 1),
(34, 6),
(35, 8),
(36, 1),
(37, 6),
(37, 7),
(38, 8);

-- --------------------------------------------------------

--
-- Estructura de tabla para la tabla `musculos`
--

CREATE TABLE `musculos` (
  `id` int(11) NOT NULL,
  `nombre` varchar(255) NOT NULL
) ENGINE=InnoDB DEFAULT CHARSET=utf8mb4 COLLATE=utf8mb4_general_ci;

--
-- Volcado de datos para la tabla `musculos`
--

INSERT INTO `musculos` (`id`, `nombre`) VALUES
(1, 'Pecho'),
(2, 'Tríceps'),
(3, 'Espalda'),
(4, 'Bíceps'),
(5, 'Cuádriceps'),
(6, 'Glúteos'),
(7, 'Isquiotibiales'),
(8, 'Hombros');

-- --------------------------------------------------------

--
-- Estructura de tabla para la tabla `rutinas`
--

CREATE TABLE `rutinas` (
  `id` int(11) NOT NULL,
  `idUsuario` int(11) DEFAULT NULL,
  `nombre` varchar(255) DEFAULT NULL,
  `dias` varchar(255) DEFAULT NULL,
  `privacidad` enum('privado','publico') NOT NULL DEFAULT 'privado'
) ENGINE=InnoDB DEFAULT CHARSET=utf8mb4 COLLATE=utf8mb4_general_ci;

--
-- Volcado de datos para la tabla `rutinas`
--

INSERT INTO `rutinas` (`id`, `idUsuario`, `nombre`, `dias`, `privacidad`) VALUES
(15, 1, 'Rutina Fitme', 'Lunes,Miércoles,Viernes', 'privado');

-- --------------------------------------------------------

--
-- Estructura de tabla para la tabla `usuarios`
--

CREATE TABLE `usuarios` (
  `id` int(11) NOT NULL,
  `nombre_usuario` varchar(50) NOT NULL,
  `contrasena` varchar(255) NOT NULL,
  `nombre` varchar(100) NOT NULL,
  `sexo` enum('Hombre','Mujer','Otro') NOT NULL,
  `fecha_nacimiento` date NOT NULL,
  `experiencia` enum('Principiante','Intermedio','Avanzado') NOT NULL,
  `altura` float NOT NULL,
  `peso` float NOT NULL,
  `fecha_registro` timestamp NOT NULL DEFAULT current_timestamp(),
  `email` varchar(100) NOT NULL,
  `foto_perfil` mediumblob DEFAULT NULL
) ENGINE=InnoDB DEFAULT CHARSET=utf8mb4 COLLATE=utf8mb4_general_ci;

--
-- Volcado de datos para la tabla `usuarios`
--

INSERT INTO `usuarios` (`id`, `nombre_usuario`, `contrasena`, `nombre`, `sexo`, `fecha_nacimiento`, `experiencia`, `altura`, `peso`, `fecha_registro`, `email`, `foto_perfil`) VALUES
(1, 'carmonaa0116', '$2y$10$ls2CfjNhn2Rjea2ouwlOvOQRAseSM3W/Tb9nTI0Q1hqnHRpq.wQsm', 'Alejandro Carmona Rodero', '', '2002-01-16', 'Avanzado', 186, 40, '2025-04-22 07:37:35', 'carmonaa0116@gmail.com', 0x524946460cac000057454250565038580a0000003800000057020057020049434350a8010000000001a86c636d73021000006d6e74725247422058595a2007dc00010019000300290039616373704150504c0000000000000000000000000000000000000000000000000000f6d6000100000000d32d6c636d7300000000000000000000000000000000000000000000000000000000000000000000000000000000000000000000000964657363000000f00000005f637072740000014c0000000c7774707400000158000000147258595a0000016c000000146758595a00000180000000146258595a0000019400000014725452430000010c00000040675452430000010c00000040625452430000010c000000406465736300000000000000056332636900000000000000000000000063757276000000000000001a000000cb01c903630592086b0bf6103f15511b3421f1299032183b92460551775ded6b707a0589b19a7cac69bf7dd3c3e930ffff74657874000000004343300058595a20000000000000f6d6000100000000d32d58595a200000000000006fa2000038f50000039058595a2000000000000062990000b785000018da58595a2000000000000024a000000f840000b6cf414c50489b4600000119b76d243912aaaebdbafc13bed7c28fe8ff04f0f3cfe829323292ba852a542bbc93801e79dc0a6ec46077b64d65c7bc74829320bc05440015f7e39f7214b46de424fc61dffc0120222680ef9baf4cb92467e37e808498287f550790034052a454e1e49fa9c3b4e152e8bc2a620226c01bb66dcb2c35c2769cf7fd54add5ee4237ddd0341a183c2136b149425c276ea3711b8ffb4cdc9391b8103221ee1932718324109ce04d03dd4dbb2fa9e7becf1ff5d453b26aadc5f0beeff745c40420d8fff6bffd6fffdbfff6bffd6fffdbfff6bffd6fffdbfff6bffd6fffdbfff6bffd6fffdbfff6bffd6fff9b92529b7d7793e84c750c4ebefb484c1cbdb2890f6edd6120a6bb8984cc439f72ee514079d58d5b77dcfcf5c3847c7790a25cfeeee744524605edd75df0ce4331ddfd23a653be790c93850072364560d3737f21dfdda3284ffbc99232042300cb6422cf3a3fe4bb77a85c77d19a56c320aa0d2a0b9e76414c77eb303f7a48ab61445da314d3fd2f0af96e1c45f9cfef4cd188fa466571dd7df6c877db08e509af5a9285e8d65036def9aa98eeb6017fbf64b269d1bd9543ebac2b43be9b46c8a7fe95514fb0cae2e3cfe7ee9a9967176561d113d0c486ad77d760eedf10113db6c3db5f13d334a30064ff9f4fc84f5c027dc8f177f792a79390a91becffcbe119a4207ae670f0f13f8e69da50482cbcdf838e9cb7e36bbf1c2f0d45f2ffd5a85cbc1144ef281baf7a67a3355dc8dce395cf980fe0895dd7fefc37d76c21e4ffc310963a19709d583efc0407ab67d06a7cfaafe4692264bde6f523908d02ed377ce6838742fe3f8b90c0b953a58204181a63c76bb2411f9ce31f1f7a873c2d843cefabe752463adab9c11f5ef29ba2fc3f8a50369f76e2cd870e1e6ca5544e4e4e4e8c8d4d3ad1718ca390e8a7d1997f084c8721cfffd1bd5a311875402937c69ff9f598fe4f42a9f9593ae7b1c3870eecdb7be0f0d8c1f1b235313e7e78f7c87d09565f52f1805f742155e46123c71f3e78b2218b9a96736c3dea7f63da11f05c260360499a47b71e4bf309f4b72c9ef1dff58a325750a482d2c323e4f7bfb2d5c0a2b6518a9bef7f5b683b22fefef41c2ccb40c618634092c25c8cfa633812d72ae71c3dc2788ed797b4401e16213fe2952eb0a82f394eae7f0799ff8b1cd935cf082120506d99761b61f545625d9510cac55f3ee3f405da978a5ffef7cf9e1eff735fc8c34179ee7bc8b2e861233df31184fc7f10a3bbe798ee852a0880e8af585d4467301978c47f8159028f39efe663b8e431db8a84072a444af720f2e293cb60d1bd2cf15a324339041060e758dc053372fbf28400d5aa2df7eff1375db66fcf8e6ddbf7eddd3731f1174c344486148f69e5b37efab0db40118331ee9b426a41236777a172f50b91e8a92cee7f9fdfc8c32897744ea5ee7ae1edafa2a7c680117d9747d69f42dd3c62144cc3a960f284effdc5a643e3255d0b551877e174d223f27fdf49d7e2611b5bd1ea0922f1d26785348cce3e6a74eee848b3189db3e843e7fa2e1739bcf58c3d0be7cf9d3b3a32d2684429480a8840a5d52fcbce600c9642b00081a269a6537e78e7e4f8d8f8a1bd3bb7df71fbceddfbb37336b54310d8d898935ff7e055fcf1f67d1ffbcde444adac97134daf05a78d8ecb43e8fdf7a7f3cb7ef03ee25d2cc800aa863973e68ece1f5db260f1bcf973e78dce8dc79f6cf5a95d10e8a5ec98969c48e79c721a3fb86fd7b6dbb7ecda79a0d51a1f3fbcff103503cffc5ca4a513e1fb93873ffc962c7760e31908f5ca81e3cffd664843471ea5946d40639c85ee6a41069ca9de4bb7cf383f45f5c5b224b0714590d50199905d2124ba3eb46fcf9d3bf6ed3b38397660efee1d3b76355f18271a0509e2e8d2373eeafb426a8bade745237adf6a9c4860f8d0820020d3e410becba587020408422bd177ab355186a040b52dab03b284447d630c0e41d44c870f1e3c184fa0090a6052f1c4e7679cdb5adc8f4cef25b3963c7c40486dc810d09052516594d36cc740a632b003ab3f4a3c65f9990b8f58b372d9e2f973478a65c7da581d901521670b09447d631b2385b880760b10e0c8737e7ac7a63bb6ef1a6f4dec9f7324a87738b07164421e3ed3a3dcaa9a7d8f11acbe58dc71f04a6acefdefc7b61aa6b37578d3f2c54dbab4719b1020033686208b4ae1d107523db6a3dc40701f101b966c330801f64c4a3ef6698d2c60348cffeec2c9d9d4e189914c3fedb8fb20312304b20ebff2e2e55975b8feb1a373471a73572e5bbf6ecd8a45f31b3144ea266784241464101d2ddb182bcc594f61a90f12cb975294980c10f2b0c8d3412ccf781b9dc71efba398664b66e7cd27d9ea0399dfdd4a3699eac6cd6ffb80655461d8723b9d1503a32b97ad5bbf66c5a205a373e62c58382fd039674b414615428aa63d63cbf4535efed35d7bb7df71db8e5dbb27d3e66d0cc7409a0e4c6b3c586d0ecd4588d9d3964b9e9d45efadcce56385a9d9e283df794c5998762bf30ba2db6cba0d8b56ad5eb674fe9c394b16ad3c62d9d2d102c0329d65611b08b2fa235650f3c6bffff6709826456304da8c5a09cf9a68b46ec456ef70e446ba945f7cd19a142db05ca40b716eab2924901335e72c9c3f77a43177c1bdffa1305607ab2c1468b7e8ab3106632c8efde4dad6f0b0861d1432ed3262366daea7817b27c75b7f48aae7e2b67ffa42b0005c36fee3d290e9b5242148993ba97eebeb5261a336a7e21fae3e7dcdaa25f3e61e27f74788006019bc70dedee12186bf98a5272ebcfef8147b6773dda6e87a94c5f9df7e6c0a02e5c6d6f732904215f9f55f7d52ab90e9b8e947547e99b22f3636023020b71892066bf8cdda1d77fdf171b86726703ea6dbccaf0900862f6e2aca41805c213fe75b7f9653b40099433432a29c00f70359016c6cc8cdeb0f0f8bccb4e8d91a99cf7c2dda3d3268fb05e4aecc45391840dc4e6690adc3e77ef845e400607198942130467f658d4d8c348a40e5be975b1e0e9e1e346b33dfbe632db837a8e4c363a207d7974ddacdf168a0b0d28b9ff7de6539000426690fecc2ea839df98fcfac2f46469a455144ffcf353233e888353b43e53b3f548a9e5aa9b1e33c7a00bb4b3a1c356898c6673ff9cf651370d87fb842ec43ee038e07be7a2575436666358bfff2a6a393dc0b6c3eb0a9c8bdf04485603969c0da4dc7439315663b11f74ee686df44596d82941996be8bcbc5b6b7ff978dbbb35271d50748f4345758ac3ef6c69007ac64196a3387273190f9c3f6607a6f71952919c2797a98cd977cecc2a214eec6ca855f7238b8374505f2bab3be14186c79cefa2a6825dab32ebd15ab6726f09f648671baab0bf92f36374ae15ab632fce3cf63a6a7f3462be4b2b1010d18ac38b6537605215d85dc2b63aebc080fa5bbbe1db63e7177d1427627a344f8c8fb48f4523ebb5981e068d2808925eb09dd643e4ec03d4289f7583338e1d91b395cfaf05b1bb2e868a915c3075e86e869488f54569b03f75e75a73c50b0b828635511aacc455762dc13ab6c5cf92d66f281597d0e979cfd95c3b23ac86eecfd9bbf23b837e21e9876059f76c46562a0cd89a03631b75945f03b48c23d300ebc736f510e2393a7876276470e3b9ff21eb23b187dfdde9f9432bd2d590e6a4365b19e01370f2658b4af5a882acc372e6eb444f746297ce30b2a19cee57420846775e40637223a2bbfe9bac2a6b7219f7204b2da2c1e451e2ce20310ed2a47e651ede2f0eb5d64b91ba3b2d8f90a86b6a703d3ad665f9882da9e4ba2d78193565ba232f08898064a3e7b15a802d676a08c3f7c9bb265d7324a859fb23978584dd331cdb66012d5c1f473a5ca48a5cc112bb70e542c5f1152a0dde24fc85524def0a9c209d91d6c51469efad39899354672a3c5ec7bc0db3f432c22d3d9cd4713062894f7782852056d3565def777e414d5262c4a8ab1a77c5766262fd4c984ed0ff910573f7762d6a56b16823a651e8a068967af98942b04c7c41ac83ce1f56742ce48807383dfbce0ca9019de93d301844e42673ff3649e7af6afe4bb28328b913bc17a3c38a15cf75c0a512d8ea8857078f6c3eeb781ce977de23f724c0ced40eac643aac01dccfb6915ad0966dd49682ef557acce1a18f3e8b565b0aa6041510b4286a39637979c7eff7569e7cf7e75d96e426668c7168d6ec2900255592435887bf0acab900834409dc49a53098313ff9168d1392eef028a64da23d950940cef908e7ef5131cea14b4421e52351d94e2ae3be85ae0d9cc803240358e203a4a69ee7a3428e2dc8dd48fab511720810d106c8677c84ff98f65469dc4d96ff9d78990fb152ac2541128c5f4d271b94ec860aaa53c2b914e13b81364960e4ee0f924546b03d3744c2ffb10ad0646150a79d1eb2f7ee2d690fb446e349b9007cd555839f0a22fcb749632c5eae3976dbeba9573028a72764709ae61e632a84a2bee01a2a639064d4b31bdf843ce0d4b549b90cb737efd905b62eacf63be7bfbb69bbf787f065b74b42cbde2e321d339e47cea339fb32286d46aedd979e38f2fbd24c7341b490d8646e01075058bc8031279d8710eaeb77a7a8ae9911fc5d1d4140e8dc9a3bf779fbd72ef026ff1b71fb576e9da27ad200e52ec24e7f8b60f854ce790e7bef9150d80384ae5773ffc3f843cfb080544037bb13a59cc1f1871342dba5cc8741cd2aa8f90a2510d9069b64efcfc63e97de4617e5d697b92ab7e411ea0d0c9a9f8d2eb319d63daf8b9fb5246aa4d56f47fbebc0c79d6d19a8a3804ee24988b07c42c0454c7cc9f96e04dc7b40a8b2e6537cac7bce83f62ea55489ffac1a4221078f6ce66d0c0b813912fd268750ae9946f6c9c2c0aa30a2c970d7efea84321cf3694271035c5a2261a943974dd44d34fc8e7bc3017325dcb88d7defbf6907b13386edf5fe68605a978f1354c264b83a11a6a894c47e5e5176c2c1bb2e86c9453e3d70f9e946769e6503d5838ca809a51d48dc8d34fe6b5585677c8a1b5f645af0df4283ff58f73910414075ef683f79e225c68106ac7486352a9c27ceca4b2b0456d8b56e3bce7cc3a5253817dc43a62b4313811544bec1b993bedc8673e8660d15345fef6e84d21f784fcc32fe588c08205273de4155ffe9b05b4c240393418a7ba285ff6c4325a746bc8f139e7c534bb588a8a3994546790c5245d8a7b5e74deb413d23f2a05d15339b4563ce23f4d6f578c3dd412954e29134ffceba7ae22f74f35a0c5bfdce3c79f054279e46b904cf7568ab7de6bbb3c8b18509a0a4c9678cad875249f70fae3574e334a6bee03a2d72e78c9a9bd89bc6afb4827398420b738e70dcf437d0bb883f2495f7826ade5fb21f3d2d5ad86e9a5291b6f7e5351ce22b4c74bea6b80c641756c251f1a99668ad6e38e2ea3d523194e3ae18f7277a2b8f2ed09d15108a416eb2e25f44bd4d49b43729e07b0f44514566f94e296fb6c0e79364142415d2c9c3b50ae23089a77689a499c4996e9b59ce3735e2bba8f7ec5f8890e353ac6c487ff37967daa292b641587f740c82f58687a6db51acf396f76b1149d398d5ae2e8056830600251d772e21bbba717e5a31e4a61f50ccc39f420942b6ffd402ae84698d1b16f9207c5b2c8fc681ce071e4a05ee1f0ebfb9bd964109a28c135cae6690cac701de354fcfcb9687a61cd8632d247c1dac57be51ac260de7ac71184ae0099e6716840841c8a1fbd048574df13103d379a58b76356919a8ab969277515f9b7257920d41ab93f4135502aae7cf281e069c51c0bea87c5fa7b5d18520d03312ddef73a1716bd345c4a180cb05a7fff11e4c0fd96b48ade61f1bccf853c8bd0cde1c6ad589dac74f4bf520c04a73c3247d7502a363f6667cc0c63f50e1e86ac3ea072ee71042a47483ab679d3c1c423f72c30ea85c1fce46a92fb10eae0c6ea984ce258503f72fcc2b31b6527cffc4806b105dc4916cf39ab8c03907926966ae4b8ed519b8bc41096723f4e47a28f726609ed21fffd1bc3f6e2c87cf8fc2fee7bfaf919895e4ac0170f077a2e04ea20a7d7befbefa3f3aa7b11acbefcec41d40d79a6178a8cb9165137b4e6bf1c0f000bfe8a606a969c7f75a36408cb7941ab476124cf5987e8ab600909949ffa5e38068a852f041e8b446f4d2e7ef7297a5f62b0aa2c78f8f29db0ec24441f9de3358f9e942b94b722cfe806dc4932b0a70b17f9b967e566df027fbdd8d4166b693184433ee9fd474d849e38140e8be8b3c5324254b9f25f4981f69c29c0bdaabc9839d980b0ba691e6850d762d1faebe7ef593f9282fa815a5b4a3aa6c9777c21e4991c4069306402b585ccab988cfd32cf22a37aabe6a3e1a3bce6db1be9abd51f153cf6a210c8eb563b20b042417b1f2c9e9da9940b813ac821b8a0a10e42acfd8d712088be5ad41e3ff3da30b3fbc272cc7ffeb53f4d44f5a3f093ce72a0aec5ca850ce5bfdd3851f423c8ea0bf2d2736837322004487db0e8b3454d594d00cbea8765bb4639f2a09fcdf048c95d80959ef8e37f2139f4c13c542dd50204d6d071e3393441bd03d15fcb6e13580ca4e9b7ac1a9669971958abd578e0cf67784b11ea5a284e16ef38ffcc23b37a16d2c62753587594f9e59633bf702661c8105601624aab0d590c8aec9eb84ad496950c8aa82f96ab0cb6e25997cef0527bdb01296437737ec625bffc4bc75ec1892b5b81da0eacfce025cf6c32741500e33aae1764f547169596351808d493ce39d4413902e460f5c1b2aaaa3ff6026693744e0b6185d43aea6367a5a247992711ac5ac4f4f89727f2f099dc748f5613429d6e2dfa6a94cab6589801b5d9fb8b46339326ca2c853c59964e4a13a98478f0be67a558c3397ef4b2b963f7f9cb14e807f2446bb21c9b387ce0c0f6cd57fce0b03c8b001243c2b19828de44a9de10cf25505f8eb99528868ef2abbed5cc995c9a56a62cc99376092dabcc9e77a2acbe50363ef3d285b9d8f6bebf6b35adc1c07ce40db4874c4761dae57f7b75a2b3c97ce5a7f000b2fa418a97dd07b76703c8ccece91d5f509866f998577e801e9fb00a54cfb2686eba050f19e0cf4edbdc224dd863898909b50e53def7bef73de75ee79c7df63d9f92e8b7b9637cc7ce3bb985606a1a1bf7460a7ebd3ff18bfdfb0f6dbf59471f7fc4bc6272ef25d70321432c03358d8c19a145703f423afd3be39393ad32192030e35fca170359d1efffc8cb42ee41831717992e65e5c6eea76d09c347a6877bf6ec199b18cb6257ffc47e1a88ef6e2eac3a22c9ee0906ffd55f9326260ede592c5d390a70c72ddff9c4ae1c94e8526573d38d240e1c8e76ef14f29f7dc2918ed933bff4f59055160fa097456bfd93415d58398e3df3b721337c63b0ab5c615025b067a24fa6602b995cdc7c157627432483dd0309e4568873a9cc1985b5f77fc7a1cfffd7651410eac805ff72474c6cbd0ad307f1d74f4eea342ba4af871cd8f0e09fc4d44d2c1be7af2e83bb500e3cff7f42667a7425266def13d696cbc990b902d1d1ca9c779e7206bb2b10340a6c304211c80ef35e983ef9c16b02a3759cf9ea053139eeba9824f70cf3f925665639be010869c157ef7dbd5c2fa4c6ffdcaf2c4c9716ff705ec84cb7e51fb0fb2173fbd521035c41e860b9f5eccfe8a351a9047787902050d3c138c5e7ffea83ef3aac3a04aec110b891607a2df29caf31bb241252efe4582ef9ec7d4ced90472e7c70591875b5f902a65ff163b2fa61d88c00734ba2da38f1b2e6cbf5842b1a4a29dbd8f57a28640a4f2e7ee31f9f3856cb2c4090f8e196c2ea15a1f5a06710661103962234d93b7091effd82ff0ab98672fcf6035a1144d771e1b47415d87d20f20d4cfb983ba05c1c3d9ff8ad338bbffd5111a48cecfe00c26a669ff8abcd14b55602e478ed55d83d8bbc6b7d9e4d0014a5c37d906d9e49a0a6f9fcc3ca862cba6f345111a619b8e3b6c2f4de30f65d72c5883a28c7ad0bc0f813e78e9ef3cfbf1d93adfe818c625a7a7a0e3560150232ff45c03d913579e40b08ccd6c750cf90612fae11d32b9f9122163d2c467099a7991c6ef90149ee9531ffb3977671467485adfc4c0419f26fdf7dce8225ff19184c61c7ec6875102c2201e66b97cb722f20f2574795b33573a7e9bd097cbf8ed2aabf0359f432168cfed503a61922bf23989e2bf10942d5d954a9d4277e6ada5b28b0efc57a83ec410019056a5a1c71a203107803d9722f625afde78859fbe6b20fb2262e20772a5acf58df2a2c7ab3e8ef2ef9e45f4d3725175c1f73afacb271f96f701bccef60731bcd0a9c15e1ad8fb50604215027e4b567d296f9d67f172d7a9a799c12b34b8226636e2fc1bd728e6fdb1d3a8534f26748a697227ce27d27326fba71dcf703847b83e173bb8b0a7303aa00028d2a42c9114f7d43305353941c8d0002ff7853b394ed6ec429c710661d4506c6b6d15793e99859f7981cadde78ee116eb168ba21f1ceb100ee85c9c5f51f2351f50b870ad509251bfef66df7449a22084ea06ccbf18ebf38589408773232cc5f4560165f7e8fdc3305bfed3bff745d23d9a6f9e0279c0d323db56c220d4d3768cb7b2985bb3382b71d8cae80fd994a4393a24d2cfbfb171c472bdbf6d470e4c11b1c0052fce5e3ef2c720bd9559061b28199c507be49967b64d98fb972e781b1b18307e2d947400e566f04a8e43a4f3bf0fe1b1ba5e8daa815bff779252ac58658a54e99fb3d710dad1040626a4ae5ba3554a7f8e33ffd5e6cd04a29e56c9c72c1d53b98dd9bdffeae51cabd91e554aca6637634bd57ab79fd9bd174e362f70b2992ec2e50ab71dbdf50f7245c81182520b3612d2906105357701aae20851b1efd9cafe74651c4101462831bbe7803b351822254ecfb0432bdb682c16d4201d42b2b352eb9dfd6e0e98632fee8e5c4245cc756ab71e8595ba33b88233b419340601e2660a6b4038fe94496ce7bd2d97ff6fc7f79dfb72ed97cdb1f3ef4caff6ee1591ea53ef6e398716f0402425ba5e8b195e3b57fb63366a6dfa40fbf96d802ec2aa3b231f69c5f8444cd857546001a58204d2d897b36e96c175cf6e38fbfeb1f1e7fcec673fefe7b775298d9290901ff9c2253dde665fb8ac4f4fc6fcf39d81016d5522aee78d4d743a6ee3c3a8ae5a3662fed66ea2f5a55034a429020b512846466af43c6bae49d94f254b2caf8f51f51322d1b9d77c667c625abca295e77e64f43a6a698db2970ce0676a3b661d8b817aa0139db5466338b1d2483f8f8ee4696a7102ef82205d3b5e38d7fb9e6bfc05598dbb68f64ea664640152a972dbe32c9a06190b93fa1d6ecb8010d9d5c6c7a3bd94c6165fdfecb2aa72d52d09e77b444475190a8ab3c32175c15f8a71b01cc3034c732fb6e209df8d40d45d61472e06b04a6f10c057d5db900a9c2c14f440ccf45b3307117bbbf8d3c8550eb9ba4e90c33e93e048e5c4c475919d07010cc25ddb541c9875a014f212434ad81e8a3386211aa026499e16898b310cdb68618dc7a31664a9b19edf290e828841892825830eb6e6ae213644da991694ffd100bc99d866d3132fb2a7a5712ec29a4e6b437d90f98838793882368b6256f6efb7dc84c654f7be3ee8359081a4ad09ccb5d9d2e76fc8c244fa162da137d4c2c451e5284591e09607e38d9cc4cdd3067daebd2f5e4c60aa421b568212148b3a801e54d74422185fff939c653c69ef6542fd483c56b11435969de1b5795d926148d461183663f74810601f9bebfb28ca6489833eda51aea4a2c5835ac301afbe0170f1cd893a80ec1c69ed5b8de80cafff5fcb2c09a1acc9df6c67227d3fddca50c69cb0eb079c76d77ee3a7870f7d6db6f3f4c4d09ec59c85494575c787a0a628a7adaabab1e8cccc91a4e582607517d70efde030776dc76ed1f37edcba5698fc139cffe94dff8a62c344516a019432f9b98a16de44a4214d5298defbef9f22b6eddbf77cb1810e43c9b488327f31fcf77608a64ee359330b99e08e4e1556d64300614e8bce5caebb66dbaf86600c99e25b4064ef8e37f633155cd69e49983984759c78c82865c4723536d9b10006eddbae9dbffb32743a3f4acc08326fc89bf9e68b4692a489cfa678ed39b738dd03afbd56f6fb41008112717226b5aa86f19e7ac42c0c4d59ffacd559314e56c60e0e50fbca255c8626a5a93f3ee4d98de700d99659460c8c0243bb098968d8c4d04f8de0fcfdf8e946717ee5f4cfff28eb2304c1529f0b8f92d4d6faa61c8cc0d8b172e5cb17ad9d2450b9beb884cdfa6dd39046efecedbb75124cff0522d157d8be9013f2a72b098b22eca7b3d9338bdd5558317ef98134350a4da611aab3472a260fcad9fbc9338c36ba11acce95bc89ffacb89118ba92b47de7b46a93033409e47b53146c19ae600cb59814d1ffbf8ce24cde432b5dd2f79d9b7ee9b02530994e77fff89ce214e5fae63b90388c00cd1c8a4825b3ebd0047cddc065cfed25327468ca6901cf2aaaf7de5ac9c0ae1e94975846a546b260018a5dce0a57fbb8a32cc8e623aeb97a3658135758090fde4df7feaecd2544b80f174a15067c02d57c81a7e60398b952f7dee7c52d0cc2c0d16319df28bc565813575644b29ffe58f2f78f2a63b77a59c4cb5a24cb687de401b1930c6c6204939ca9a0630a0161bfefa2f1be438239b1c308a72e38fd7971134659070d4e482a77c25a5f2d0cead37dd70fbb6c363fb761da432cab6a717cbdd198cc12848749b83d1f0038c42c9092f7fda3cb2666069d068b4d67efb8c14644d19904c33276a4f6cbde5d66dfbf7dd79f30d07a996c843cfc836d542a853a06e3e74f0c0bedd7b0f1e3a385e8e4fec3de31f290ba3e9004150e6d8973e9e8c665c5d8641a028977cf1dc14644d1d100ec16dc6c621529977eed8bbf7b6df5f7ccb4409d070f2501356a07ececeb93576f8c0be3d3b776cdfb77fdfe154b62627c6c70f8fd1f9d9ffbea0d5309a0e0013d4e29cbfbe1f8e332dd53b340082c6e4dcff7c0e16535a426a030c986c132395e5e4f6df5df8c75d379450240f31a3c3fb0e4f4c4c4e4e8e1f3eb87ff7ae1ddbf7eedf77c876cea66b0509ac94cffcc6bac9a6d1f420819479c8b3d69034b36ad5c9e1c17504ea605ca3e3abde6e34a57a6964b04112edfb7e72d935df1903290f2be03d9f4e7b0f657a2cd4c1603ac7b4f267274e36644d0bd5d1e6710fc7d24c6ab286e06fcebc74240339db741b14a4b870d1c2a5ab972f5fb0e049f33d6caa4d47670af035d77cfa7f5b44d290922fd90404c98031b88ee9754ccd5fdeb30cc1d38630a164edb3fe841c674c26d530b41213548fce9b333ad268c6386fd1a2c52b572e5fb270c19cd186420802300ca79a969d7343b0e5a35fbd8ea21c468632d0289d19f498f8d663c9014f132050c83cf09973f14ca9ebc6b9b7ac1819693417cc9bbf64e9a285f3e7067a6a43b018fa96c944d8ffc58f5d8a94878e3293fbc9660ac6c4bbfe89c4341b4ce311f764a62c8a1a120bde1ea86f6723100275aa9435f4c0c8900af6ffd7bb7652e43c646c2efb31892919327ff1693cad08135a9c76f44c0954035921db360809214016d3ba512e9bec7bff67375194c3c03580db28caa981941f7c219e4e4020d07e3c43aa6d190540163349a34c60fbc73ebe19294fb9a85ac24cd9a23c650c59d3486560cf1ff18c4b886a31b334402ab8e3fc77eda4489e62a3f5a676a335b603310dffe15a3cd31a4ccb5dc91a7a80514e0df6befbb37710d3d40ad42ea7140df6df40bba71161f35d8a199106c07285c1540ba12a3b180d3fb09c15b8eddfff6b0fc19e42ae235a538bcc9eeb919956ad5cdcf125f24ca8d91bcb80313618a420d16dced9655e408a46d30006281bdcf81f1f9da028a74e979e629872333268fa0032efbe437906a43a960dc680a520ba1c1f3b7c786272627272fcd0817d7b76ddb963df817d63e995ef2645a36900304ab9c14d6ffcf2644c53260c151cd985004f276edcf0113c03aa6b5981da63070fecdbb3fbe0a18363adc9b1b183fbf7edd973f010dd3ff12ba12cb0a605b09c15f8c59b7f44f0f81a7354ab35e5b0d8d7026b1a314a8f48ccacadb19b0eeed9b5e3cebdfbf71d2c536b72727cecf061d365081830466d816d134cab26d0e2becf5a4e2ea686a83d39f5406cbf832c4f1fc2f1a184199552bce44f9b93742d0501c6d898ba364060cf6e30789a905080f8c8c752165340cc51ade1686ebd95764f15631b7b60c01c8f665486162520d4c160fa2f0edc8e98564d4cac7eda7d4ac2c041183e64b6ee020b4d1164912d3c30d064c62d026072874135fb6e46064d1bc22194fcecdf46731cbc4575c4363c0c8072373253d590905b097960f6e399d676cc9434076fa2ddd30508e4c6ab7f7f6a8a0326ee11ebe45f0d0dd84561f054d97de1b5144da78cdbfb263631c38ef9c3e4a941863b09a0e90330399d7cd17d52316827923b3179c5d0b0d83c8999aa99dfbee4556fbb9aa208ced960ecbe9497e21950a843790b9e2238b20b32d634028aad39df3db60c0305c7e01a7b0e30342daedb439e1a46b0ea8d0ffcf6b3df78458b106390b09c5236ee0913d7cdb8683085033bb603d8d38770a3b5e48bcd3c602be968f3c7343c40dc7c80a96acc197ff1b81d97fddb93ffe3fb976cde3961042106593db0b9668c9970a3ded4365bb7600b4d1b0837d2d96f220e90d2fc25a00acc4f3c4c80ed0791351500a59223d651def88a47bd79ffdc42e6868b376f6dc9dd59992f64cd84622d8f4f29cc963b31d3aab0f8fb73521c9cc0a96b913b5d44182a626c37c153430e114656508c72d6574e198dd6f67f7cd03f06ba370efe3933a22e5b530bd8b39d0078da4084c991979007479cb4384b6d267a0743d6e49b899e1a54164750b6f8c7661699ddb7be38e6ee502b5cf007e59990eb4df90c7b283268da0037fcecd31c06681525d55997de81870b866b4068f0aa056b21bdf2e916044ebc1f5277b939fe7e0233e162a880d802064f1b42490fc103935803aa50e6b73bc2b0c170c33862306d6c5c0bc17aced8fdfe2c5ac6b6dc8d65de79714c33a2115cc3e3530fb8691f661a95034f0d03a3bce064822b0cb71219ba8e2c1d2d3518eda2b680cc8a9f5dba0050d320ab0b2bc74bde4a62462ceaba1c0216b7ecc7d6b401e2f8828161ed6904da4d23dd401e3e90cefb6c2a0641605ae360756a173cecfe040e7fe86604a25bc33fa5c0cc78a4161a0220b61c404c6163e30112ccd1c0c09225a5d4a6cc2dbf1e4e8d9dcf721c0843eb6faf1e4d746191510eaf59f7b863325d5b6538ff27ca33a4504b0ccb3d7b0980a708a0646c3c18ed83638e05d16ed8ba2d7af88873c697598380d2c8b7471f7b4619712d8910b27ea7f97bd65a5d2937263e4d64462ce6d6da9f8705e3b7133253d594072944b6650fc68407e841c815885b18c6d11fba88811081479dfab87b3e02a15a9529bcfdd15b5e931beecae637ff1bcb99516601a8cafcb1352c0c37204f1973c59bae388c626e65e141d8930786783f4475e027780885f4cb97250d022ae3df16d77054c458dd388e3f68e72aa46e4ce4939819b1f2f24560b5d9fcdac3a2fd3aa6f4efbff49a77fd702b453395c6b6713b760f6cae6d0dcee8914855b47e4c1e3e8193b7de2fc7c1e06947bd3cc0810300763d60f41c442fb77d993c330ae9e423109532bf23e461e1c0ed93604d058378f48f1ffee6e7bffddfc768144192809c2da3ee94b9100d883875949a7bb630841bf9a5572cb7e8bb1cca954fe50e32ecd90316aa65c8c8eac64a7c6442cc8cc5b10bb35461b185216ab1f32053d358e6c8e31eb478d387fff3112ffaf6ad099b8c6214eace864b06e8dce82a9bdf97c328b63efae1c942ea1fe2b9734a952076eec0746999607585e3e4379839ada46cd06ec75d7b860904f66fabf0a0213079928547c1953fffcf2b8eca46133ff9e2d76e04d3ad958b6b6fc2031238935ca5ccf7d1f011475cffe2d4a0ef26e6531e4bc0b4efdc8100d74048882ead525fbc5a79869439025441e637b7e0618239701332535122043177298d11defedac986cc258f7ce6fc6333ea0612dfda5a0c4ae2085085e18a61147cdfdb3638a86f90791e89447b66ff2e8241357aec82ef1099192bcdbb07c1ea70c564510e15ccbe4d08d0c0b51b316f357962dd53288cd9fe0eff994377b9b9e70b640633f8d42391dbece2d02e86b0f23ffcaa2c34083cfc340275b7130cee53d6a55f51395362cd9f100460025b1043376d260c8cb1718dca796b4947fc62630e583cfe1f1ce9d6321fbd320e0c67afcea232f3db5bf1f0813fbc2747fa6b64533c10517f73c2f4d704be4460c6bc78650a54bad87b1979e8e4c02e100369cb563782e5c5afb6ac415912edaa67a578d11b480ca8389212b52973e9c162182d3f7cbaa5be48d060ff2489da169bf763501f40073e469a39adc0aa90d9741169e8e0ccbbb1064346806a11e009ad736864a90560515f0efc930383dae23824da1db81d3174237fbd63b45fd86c7ff177e9da81cdfb087d51e6f37b993167ee89ac36c39da928878fb867b96c4030bbaea24b0199e388e6e3ef186b18d4855deaa3bf0c7950c4ba7b13dc661787ae260f1d91bef18964d157c9cbce7b8b28ba69bf730fa2f7367c9e3063223c14512daec00cdfe8f7fc568361a7f08e979f52caaa516987cc659a7c55c3125dca8ded1f6670c5ca6373509bcca65f0f219affb0fff139f62df2dc7cf1d1c4eec4596794a1675619bf77099e3915f740aa0af97be461947efe0f49838126d67ce05d206a5b2692c3a94ff34bdd10dddafce0ba220f0cac258b76c3b643d1c326f0d8f1f7cc43f4dbe2cc1b6e7b0051dd84f229df2a8b9e61f1dd566306b5660135272ec1c32770eced7f9ae32098526f98b7f5c9eb08e01a08c9ca4f7bdef549746d627e2f25039b79207205e28f0ce3df7cab44569f244756ffb87cae5137f9cf2fe8837271e30594cc94437e201d8d6e8d0ce1c883d79632fd3799db56be35320aa66bb9f8d22b1dadae70f8f90319e4f8504475e042f21411ee4ac26e9b7326d162002d52e48d6f21d6ebb3c5cf76169e31c90f24870aac9f308c332791a58148f1c51bf790d93341eecab2233db45a8d277d3de4011a3906a98af15fe28153905c020de75c15825c3a03312e3bed490d1003699409e7bd28155d947d3021bd8f9219f406ac0a65fd8890878ed29a87124dffedacdfe93f28115b0ed2b52c2cab1b2bc56b1f7ca73c30f22973a8366cdbcf404b5232edcb46b600442c95b904d62e5fb8e1def7da30bf0916fdb4dc26002b3bfef6a832d61bef03e6d7d7307356b96404aa1cd8cc1016ebef91028320e223ee13a8dc7600ac5a0809d1b573e3cd6f2a4a068747465791e32fcb4190c06eab5c73c286e54bd61d3fffaa2bb75c71598bf613fe64fd8a634e3d2e526964f5059425ab0d391517dd2b05d5e9a395f82061e614f2bdc791059862d35c3c7cccbdb0d43f93f8aafe87dc2676ee6320e5c68e875e11f2209d450e15321722f7430aa234ed2ae211f738f3f8d58b96ae9a4fc79d77ecbae5a60dc72c59b956804b240132fdb4c8b76e4841168051b9fae74fc90e83406e6cba981974c827d26ad2ae32fe9aa1a467134cbf6dccf8494f0974debb8b08b84f36df7e5c5132b899d5a00a8b1b103d96a49c695fbc72e1bcf57f72e6c6e5238568cfc90a641781ce2d2b84288b7675b08cac7a560ebf78daa7cf4d414680513972c1ebc9a17fa6e42bb71779e6943912870aa3eb69b4860f8b4f41f4d9865c86572fb881dc89c3b71332b82f26f2f01fca8313f269eb9105d8f1ce5d742b814dc785271eb77ac99a138e5b414767404206191bc9462a6404a2be65bab75a8da77e79f483cfcf0423c01489b79cdfc8b16fb839762166c6ac34ff38820558059b3143573c7a0ea84f48287ebf7887129d8d6f0683fb01fcf11e66800367af4a81cacc6f6e26d7093165da635870dc99a7ae5bba68d532da73461295b2e8686400192106d32a8bdf3de420bcfe2da4e836ece8f48c9faf48b17f5cf6c3906650ac5f4930ed8e5b6f270f9fc81348f4dbf6be1bdf141f97718df65b32127db412effd843c40621da9a10e57a746ab860c8b562f5c72dc3d4f5db7a088b4bbb414842cfa29aa2d03b22a0cb41a5d91e35f7faac8f65f7f82148d0059a175ef8bcf4ea15f810b1133e9a5940dda9575db3ea5a1a352c782faa79faf38eeadc6d476e08e4364f5815cecfcd12d210f8e5a1c8f046022b7d35142e91ecf5871ca89cba8b60d12801848233b8182e968eebcf601b19b1c2fb9a781981efd8545659405c82a5a1b7ef48c8cfa6134f971d20cca9c0caab0d8421c3e91279c4470bf20e4cb22c17469b17b24b87756c9f9b7c4c4e09a8d0f225a8072dc7d29090551d2fedd4701c948a263c5800a2b00581d94b9e8c33fa0be414fff52c840519efd85e35b05089069a485e7bf014750af3057dec14cda9c4bb0da08fc96ccb0959ffae5a645bf0d849316d1c3cc57e8a37273fcbb0c84242144f8d81139d06eb3f9bac5b4264a1859be7cfefc63fff9c8320401622a1a1db871ebf8be913f6f5a15ce5cfe6375a56b4f369545b9f6bc07950506108ec96ffe54489112f746994fa19914c559886aa50bf1d061ce0763963508898d2b7057346eea87cd2517864c1f630831284a21044961fc9e0f41561b307e70aed66cdcb872f1ea8dc72c012c8ba93c76f3a5375fb6f267a663c14dec5e89d5c92a8bbffc8c5c41c8cdcf3f352918407274f997ffb3bac518bdb50317cfb056989a876e1b320a8a13cf5c6d9941b4cccab5e4d0d5b5fd20703ef428348aa2085208c218b0b3c71e4316d581932f185d397fc532da9389b2e8b96564f54378e593617c1f9d73bcf1fb7ced853952c361df3d6f08b98a90f9d0cb9ca34dbb55b41efa937bd3e89152f8c58d780625ff291d8dae0b4c55b93b492480af90910640b42f380e77535cd507a3bd9f25d3b58aa2391291c0606a4af94f30aa105ef0240027132464d1bde50e3648aa905177464e0ea3abac2ac35ee94b64ab13adc667ff42a673c8fcd3bb48c280841bad137f72eeceded8995fec2b6652213d941c2ab02e64c085c0a65ac246c2a67ae9a927ac5afe54027d3536a65a700f501757e05e59994f1da2eb91916653064c476190852636ae41a2d2c83648208bee5d6108a2be6d2400d513a6309960d446e0d4dffd3113a9e1b2f1cfef1e9db43b20fcb48f2d6c49061034d2e8375f4bec0534b88219f671589d7e41c80322059132958596acdb776b8bba31ae38f3be27ae58be660160a92f90b2ac2a648e5b401797d37bc37f13ba9833af11b3e928230b04088743f7dd6059153228c888ee8ddcae28da5be3775e77e97587d79f76fafa0545a0bd3441925107108800a252b879d4b9e440cd1cc61ffbbf0031d8d900219ff3e5460b194076cc234fcba117cabaf607a41994d2e255506145b633889220d13eba72c9bc95279d79e29a79913d97fef8b29dbb37e723972fdc78ef7b1e3daf497b4a14b2fb61652260030225d61c512ffea1675619bffd0772adb0644436802cba975ac7aa55886a2140d4b4dcc156a47dc78efd3b6fbcecea9da99c6c39369b71fef1679eb46ad1f255012059aa21ba35b233855127ebc0477fb1f7c0ae6d1940d13621adbba2515a06901c5c06f7c270dbbec233a890eeb3015900395ebe02f74e029b8ea3c71ebf76e98a634e5c57507fd325e98c8d81ca6c909091fa60a5f0f53f620b516d566c24abc6653dc3e2076583ba5adecc20237adc5a7122123d75852188ea83375fbf65cfb61b6edc412c8a200561673bb5525eb2f184354bd61ebf713ed5d90823ab9640a10051d702c6375db369e7ce4dd7dc41a57cff9f14b24cc7486fc5efc9cca43869b4d5a45d29fc96907aa120b9a43286f91bce3c75fdb2852b5706da4b24d4e64c08801392a816758d8dbbc170c6cb0e623a5b62f17158fd532e6efa2a65ad394b3380e8b1e3a193ef4bb0ba3172bba2005c8edf79dd1faedf7370e7f67d6e8c8c14d8a6ae24d2c4c4248b56ae98bffcc4b38e5bd12c02404e280859553db59c4d41fbe1adbbf76ebdf6f7d7ec4af9c0433e9865550809f524a46fe09954662d0e15163713bb91a49c695fb962de92e3cffc93f50b8a82ca324b0ac8880ac0891090e954dbf4d22ae3d7e36587ee4080db2a1bc7d2b90f868bef2c5c6bde2283e8b928572e2da3a8b65c652bd2be63c7fe9d37fde19a1db935d92216cd889db1e86190489365198a91a2587bdae9472d5eb26a7e0370425285aceec0c8b63331d2eed6d8d66b5ef7d8cf7f055cd1cff1ab66544a0bcf22588055f8164c97b6cdaa938e59b1f4a8138f5940b56d9040460cb22c59ae871bfed4931aecdf4e34a84d1012eb16a27e11f94f12b5e72ccdc2ea19b9793612751d80001cbce5ba2d7bb7dd70c30e62510429086c2c7a6f2141b69dce2b5373dd091b96ad38e684350595b691dbd445b5656c9004f0d66ffdfedc71d1f73d8999b438ea9e04d39ee32d5b49f51a734f38ebf4f54b96ae5e407b3292a894c5205a46eea0a44b362bd365e647dff93e93b015653080219823d7a0fe1836ff1ad70bcb1b5946bd1b7d24b23a99406b62dbf57fb86ef7a19ddbf7b9313252609b768b41b46897e4edff3b598e2e5fb978c151a79f7ae4fc2204c0c96a37eaa6ddc8b49b54a645a356df529e618dcc2d1b74dc92625925c9733ffae046a232272b483262508d8c6d42e8e4c4172ec5f54ce42d2881d8344667619bf54793fba2cc6712dd36961619403df29ce391a836e2e3bfba767b6e4db68845a3c0ce584c4567abb120e0b11bcb5c349b61d109671dbf6ad18a15054006f7a47628822df76dc5821955e2a588ceb711c0066c73c4b9806d909011036e51695599065797d4b7ccf77e0106c4adfbb1d50688c0ca23c981f8bb1ed9e6424237148b476c64d493bcb841fdabffc58d208d0a6c2ca6b0702e218e0abbe56d3f2a535e7eecf1ab97ad3d61e3a811959641465d0949a85f79ee4b28664e21bffc79395a1591efd3028861de71679d76e4780a2049460cbe5179e335975f73fdf35f92aa9475f32fae43b570e63d04da2d6edb4b5d0b380a0817f5885c5c7513ee0acd9f176d6459ddd1a0a655169f087313602c86a44982007324cacb275a61d11123af7e7c96aa50ca28b4a9d660cabc605519674ce229d8818e1ed9386ff1c6b34f5e1713ed1653d7c0e4b6ab7ef5bb17fc79ae32dc36f6e532d4522a7ef65b9cdbda77ec24006e132873c2628a1e99c40fb6153d8062c148b46997554be9c8d8c9e462cfefb22d86aca87406cd9528b7eeba0253051640ce12aa9035280ead233f40d60c29a4756b10d5b23e7cc2bc06d5b609c1ea8d91b12590d52bb0a8cca10af133ae9aa0ae6d7e70a86177e2e01d04536d90396e29bfec0d145c45af1b73e74463005975ca53823ba0d6c877ae9e9fc530cf5834171ea861b5de326ff53127aca2da3612d883808af4f47fb5c3cc483cf098dcc9c18b4f2365490249b2035d1b996c1303509a20c9a81706b01d823b045ac72ebdad166e1cb8984c4d53de825c5569d61cf9b3de28871b7f40ea1114a3730bd900b23a903762555879849f4d060f371064b659ee34b161dbc2e5ab162e3cfacc538e9cd310809353b671bf6485fc9a37918b198f14d43c741265435538e41c8a60d35174760d9b82f67ddb478f280092a51aaad153bff9dacdc7d492b9f16705aad17e13b88340b0f82ba817869bee2cdc33d0c8dc46810d200b0ba5d5986a87eb3ff983c5a59806b527c71a93f7df12265b25b1d90c4b4f3af3b8158b562e87222a9739bb12bb37c8527ae3e7579461c6a2188bd01ea347ce21886a4108f4d0c8d8a040756bf3f5b7eede79d3f50b4f5ebb64cd091b17529d0d1232ea91ac508c36ad1a864db94c765b0841c262f361b0da001368ba27047e4ca6bf71b439120d3658018785744ec5abbe75049e1628a9533ef4ea1110ceb6cbb264c5f1c7ad5ef2adeb26621183249c93c1ee05b2427af6c54fc9841948d16c1421842063d0e1d3ce215855bd3432e44c0cb497addd37ffe19aad87f7dcb9bb558c8ca4f1565eb86ac5fca5279c75c2ca9182f69c5010b27a6061db720d02f7ffe1f96f7cf451230590737668140d76eca5be2cf744e537719f80a2316744c2261f088db575445e5a4c321d5ae32e6af0d2f3e71a8b764994131393f1854f7ff4e39fffc15f6e194f0a310659f4d8c472c3059f3f22536806a1a231da140143a63aaf9c5f46d1b591ab6c0adaf76fdfbb77f31597df3e992627732c1a85c82688d46a251acd463ce2b4d38f5eb264e54200272455c8ea2410806a08af7828b81cbff3fadf5fb9f5d09e6d13b46ffccae959ea04a827ecb97910803032d288456e9e74dc39f73e3a18b5e5b0f321572e9c1bace1272f0a74cee161e3a194a874b63457a2bcbd4ca13112478e3efdd4b58b97ae1ab57a845119b5e395e743749e1984b923233290a9944179e4be88fa46c61805aacbdbfeb879d7ae9bafbba3158b22aa1d1b0b2c0b099ced5c9665e3c8e3372e5fb6e1c423a9b68d04b2e8ad919382a8ce9bafbde9ce3d9bafbdb5c5a7ffc2a84e4fcdc52d06b739da3afb2711b0a8b4f67efd8e4d3f1e0b4c03ad3f0dee2073d4dc2c6a0a321623829c27f7ffa12ccbf9ab1ff50eac1e61e41cf9e67f5eb417429e01cc9f5790331d6521208f9c5bcb32ce2606dacbd6ee5b2ebb7aeba13ddb77b58ae66843b6e9ad45bb24b7c627cb91e5ab16cd3feab4d3d62d2802eda5d56ef540b62218b04d14c0e49d3b0ede7afb23cec8a14f999f210f0c70c6cf6328828cdab0e0d023af9a97a781f22472a8328c2e39185da352e00c283022a45b7e31319ae9b911ceb1bce18ef33f9742cc697ad39239ce20a30a44659ebf01a9835196000edcb977efe62b2fbf6d324d4ee658348ae06c5bf4dd928272ab55e6a2d10c0b8f3feb84d58b96af0c00c9923aa90302516d99ec4c8cb44f36ad3ec166c4e0867cc2154d2809a22ab76278e4ef162459430e02b50fef9e63fae88ce3c83c500dcb9d6404582e1bc0952ffa15d3fd823919648b2ed5fad3516a5a39a4cdd76ddeb9ebe6eb6f6fc5a2886ac7c662802d24ec6ca756ca4b8e3b7ecd92b5271c338fea6c82ac0e5d1b19638858f47d140f10cc79c29f9cfc80c50076a0f2c667dd349a919135d4c6519d9d875794ea03205c96b89301873667828cc0c81985c94f5f7feb37d274169a4646741d5a0f20ab13397cf5a307eedc3d5934471bb23153d7a25d12696262528b562e9fbffca4b38e5bde2c0260d15fcb80ac3e059e32604063e38a331f77c6820226f75f7ff165bb766cc9600059d6b072b8939a6253c3a2efa9454d6105527268404e311881919503f0f1e74f6b02d3d3bc909a26c7c77f6f692c82b36d3134834479679968368bc691a79ebe6ed5894dabca7285ac5a832a1e718f6be4412ad402d438fe094b7f7ef1ce94a131bf508c36a6a38cac2143bc15d5b92330e046777cf1c69b778f2d7ee003371e0b65a45d06b97473d79ac9698cc90509595d199ab8835516173def40cc580c5b8ba6207bd2577f3e4dacfad17139a84216d846151a2c52f1aec7200f1048d8741686a228625114b8cd54cac81a1e0e3b906b6c09ee9b554ed621c7cbfe698525b7c6373cec9cc7cfc359c2968573e35b8f673a3fd82ab2657523584c675336feedcdab4b86b4b385024d85307e0844a535e9a602e0642920a38151c88ffefbf7355a03552d299bda0aa1281a8d8084311d650d0774c8a273de15e8bf9c6ac1bcf9cb4a43506befbc931ef8a2b59014a8defe883fc8d358dab5b4912d836a9196cc07555829ee7ce2b573928614884aa7787012ac8a1c2f78c729671ebf72d18a95b4274b5532ea9705ef7df617621abcdec746a3118262c0367565644d21e5a3e51a1ea3ff21d28dd2f2648143cc07b5e8394fdb3097ddd7ec5cb3bad8fdfb37dd2a339d973b17cdc120ab8e268e5d8cac368cbef2bc65a518fa26b5a81bb7fdb02c5976dcf1ab971e79c231a354672384ac7ec82187f39eff71421e1695211631c6a210ae30d532c89a0ad6c4bdb06a8ccbbd739073cee58183dd1461452b0bc00a4e07173cf0a8f2ca8b5a23c7ccfdfd3832d37bde33baa0810d46550ead63978368b70ebeeac283621a142a6b88854d05514e4cb4b464e5f2792bef71e6b1cb1a05ed29a32064f5081c72f8d8c75fb55bca43a43a2ac6a2282248604cb50cb2064b79de519841349a1c2fe68cae7dc8bd8f5a836af9d0128d5ab45b847c7052a3f3e489bc3fd94cfbe33be6ce6b281b2c0b87a238b8743405da9d8a5f3e6d62346b1a00eac0aa58668b2051b65a29349a4573fde9a7ae5bbc74d51c809c2524ab17c221eb6f2f7fc9b772510e9b8e2a8a58c4a010023698fa32c8ea5b3874bf0da8860fab67a23ce298e31e7ec6a202701d71c4b3e24d371474b6a2c8d9c4724762467878e79c392332364613874637dc0b53dd6a7cfaef16264f07865c431c138d002c24c8b6535996738e3af1a8a52b8f3d7e25ed163d76703af29be7fdd33602f610aa56883186108a18c055a6b30cc8ea99e3c1b31797b1465f8b03cffb7b006782ac0e0ade781e3f78f2b2d409b00cd2ee3166883e4c73ce1c051bb5eeffa2c52bd71255e1b2f1bed72d9b2c8c869ed0bc1ab0f8948b46dd56690148c893e39369ee8a958b161c73e6c91be658bd91ad98fdecdfbee13340913ca43a2a2884188b180542603095c6c220ab2b954b4ec6aa13fb004d0e8d0411648b8e466e35bff1eca51d2cd32ea57d63cc2027f769ce9ca28074cec301cbaa408737dffac9ff9d97197e9347af42eae0f0e0b7885e5a0a22b75a2545d3af7a658ebd4198e0d63a7ef8ef5baedf4bc843ad6e8831163148842061833180711d59261e3ae5e144ab535896e59ee579cc836424b913586afcf0f1cb4b643a2ae472e2406666e9c314a3cdd108935230585858397cec152bcbe960dd62b03a30c7f4dc42087bec1fe8a3308d2cc16fbefe913108793ae81c428821282ac4100053d3803190372e2c0bd3d1f13e2dd1eb3ce7a7df59b4615583ceb641726adcfccf3f1dcdb40b10adc9c9f1cc0cb43c4823eda609a41482c97688f05faf9c0eaa4575e00f857b5669a1f157d43232b6099211c816ce8a5cfc8a8b999e2505420831c4105521046d69ceb30856a71cefd79291d566b9569af79dbf58ba64e1e882351b4f58bf6c6e2c14680f7ce7d59b176421b0c99393ad9498b1b678cfba473fe4a8f54734a18c020edf5efee76717e6e1e762f761eab62eeb17a0b117d642ce210024029611183951e46b2ffbfe97ca69a84b85ce125279d403119d258e3dedc6916cdc86a99fe7b0ffa694288aa2d09c351b4f5cbf7cc1bcc52b263ef4be38da72b6732a5badcc4cd7b7ff17fcc939c79c7abfc5dc78d5a61d375d796b736e060dbf6dfbb1d561626760c064c5b4fdce5de9e4b5404e414680e51c81e77d4e9ede9ca8a9504c3cb591a54e56b9f661ef5a5d52df15324003814df2beab5399ca62e911c76efbf95c52ce292766ca41bef2133437aed0bead7b3532da70069035d4887bc740743c6c06e0f0dfe01a567ac535e3fb0fe52356dceb691b23c905966564189ff3f7ef9feeea3b959c81a92bb361629b4120d426da459b0c06b0457bebf60c611f33ec0c2130792dd098df1451b6a996d1b052d902abc3016b000e3d8ffabef4f2b921e8c656b379fc5fdee738ca207046a26c72fae521cf1c408c505b16ebe61e66a0159c9981e712096c50d1288a468101d32e236be8189bcee670a6df56187b6e175a3e7f249b51395dfda2b54f78ca3da93bf61717c8cc2cc7ebb54bc883e4c44cdd999a0ab1d16846246cda6559c34569e94250158cb93f5608943b9fd18d523638131acb0e7c68dd039f774631f6b32f8f3ceca4c33ff9f6c5cc303317136a090e4e6066e9a1d16cc410838da92b6b2884830f5887ac0ee356efaca03c76d86b573c11d59b1b6369d15ec655fbbff2f4a63c7e58a30d8f79eebe83330b73415918a32a60c1e8417996565914458c8d02b7b90d64644d3187c3a72d2aa3e8687a6fe5f18979679eb1e6947bcdcfb15eb963defc60b5c9adc682340621924c54d6e1bd9e595c7f60490e321dc5110bb730eb5788b16834021206d32e236bea28cf3f018bce93ee1d79ce531ebcfac8e5408a561dde7cc781d7ed8e542b4b91ce867078cf4c02b55ef7d1d8728c468061a4e02ec358148d184208b23135859135580e63c73e88687532bd0f07cff841135256107565ee010b329d456dcbc45d633309f3ef7ffacefb422b1000cce63d771d542a1631c658447085a91646d6a048adf56bcb48cdd190fb70e6771b290809cba8ca909d223db7acc37b6712a05f3ee2e5f39f7a0ced19f3fb034579974275088a456c1402098ce92823ab7fe4d173913a8955721fcef8fe0895294390da84c845745fc2c17d330b8703ffca918f5e78fa93c7e68cd0b8e4bd64eec20c452c8a288520d960ea0b83ac1e3d966075807573f7f58c3ce761a7ae59367ffe92250595c948722af6fdfdcd8dde5896093b2766166415befdbf60dec47d9fc70fbf9c749746b5428c31c41063007730756564d571987cc02a1035e73ee273f3dc232b4f94398dae5cb77ee5c2852bd6ad5fd9a4b2f8cd3f5dbec85637966540da7f8099a65b087c889fff35207397a98214628c450c8004184c4d619085c2c4f348819a293e6e2294ea0d96245c4e4e9629ce5fb264e1e8fcb51b4f58bbe6b3efdebfa044d41e34680000d14817eec0ef550167ee92558ca188214852900c0653694c183fe944a41a12c79f7c6bd33daab42a9dca326562d188f1606c9602cb2057bc480429ddb833606b87182a154208022c0361fc1e2b91d5c9caebeef7b115a585e50a59f5aa2d84c0ed5159989aaaa0b1a4b004d8e5aa0ced314ae491065d661664cc200b532d4060cc084b0aadc1b657d1ba62e70aab862c520c11dce65aee469d4020b09d6d724e655936d8fc6ee9e29bee6dba3c70785f4bed2021092184ea198c6d63db64dbd939e7ccdd05637913c8a89309eccb540b0402410f301863ee9698b880988331ea309f62b2c3dd39cdb73ef0ca6052c0b28c0173f7d0bf3beb93a7117109852ceebcdb882e79c0a9f7faeb13420368d1b8f1eba4bb8938ecff25f31fae3336a6a734b9f8b5bb43be9b081985835f033875f1c41ff785ccdd479d14e4c415404cdcadd40920c84edc1d35f3fff7bffd6fffdbfff6bffd6fffdbfff6bffd6fffdbfff6bffd6fffdbfff6bffd6fffdbfff6bffd6fffdbffff3fab030056503820d8620000f042019d012a580258023e3d1e8c452221a111aaf4942003c4b3b778a45dd8ec0485ee14ca55d3a78cff05bbc03f003f003a003f002cfb32e6bf37fc00bd2f05db81825d7ffb4ff09e93fcabe00c6e3fa7da4fbe7fb3f326e88fd05ed7ffd1ffe6ff29ee8ffacff96ffd5fdefe00ff627d527fc6fdc2f757fe17fdcffd8fdaaf803fd1ffc37fedff37ef1ffee7f70fdc87f84f500fe99fe73ff5faebfffff718feefff0ffffffd6f80cfdbcffffed21ff83f77be0cbfb77fcffdc7f818fd9dffcdec01ffcfd403fed7ffff600f4e7eb1ff33fc82f75ddf7fd6bfb37ed47f71f4e7f17f98fec5fdfffc7ff94fed1ffb3fd67c687fa9e177a57fe57f89f577f8f7d98fc0ff72ff11fecffbb7ee7fddbfdfbfcc7e61f9b7f1f3fa6feeffb71f00bf8fff2cfefbfdcbf6dbfbffee6f1b16c7fe53fdf7f9ff605f5dfe79fe23fbdff9cff6dfe33f783e883e17fd47f9bfdddf733ebd7faafb97fb00fe6bfd13fbd7f79fdc0fef9ffffec7ff57ff4bc6d7f13fec7fe87f9bf801fe45fd17fd37f82ff25ff5bfc4fffffb6efe6ffe67f8fff5bfb67edbbf40fefbff33fc4ff96ffe5fe8bffffe04ff25fe93fe9ffb87f92ffbdfe3ffffffecfbb5ffd9edf7f6a3ff6fb9a7eb27fd7fcfa1779e9f963103149062920c52418a483149062920c52418a483149062920c52418a483149062920c52418a483149062920c52418a483149062920c52418a483149062920c52418a483149062920c52418a483149062920c52418a483149062920c52418a483149062920c52418a483149062920c52418a483149062920c52418a483149062920c52418a483149062920c52418a483149062920c52418a483149062920c52418a483149062920c52418a483149062920c52278e62523f79d78cfcb18818a483149062920c52418a19562fcb0f31bd89e07e7c5e7a2c83de6dec664880937c4c3b3acf68e2d6b1730a6c82fc78ccec83149062920c50df3ab13d578823f01164f94fdaff4224e2f70f0625adfdaea894fddef41170c371cccf54464e36e2588991b27f76538e699f4d94311179ff925575db769107dab935be016630460876ac6e115dc3bc04213cfae86c4f830c75347c0ad001ab4542153d1f5443bd43dacad99da88096ef0afa4bc995be7d7fe8b00bf213e76614e881db7ec06a54c48f975d0e279e51422cd987f5e7fc25b0805dc9582a12ace91fa7f875af11c4bf54ff4e7251dc5c6d0fbc99cc093deebccfcb18818a490e471a51e1945ad905fbcd98bacb393d6203d0548673076d19e330c5671694637e2ce90199496feb108875c29e2e0b201dcf91c15a0a6b1a82fe885f4196bdc7b71f822c05f2828f8cb35f405eef23d0613e14402a8148f9852986c4a5688757a946f3f2c620628813a600bf0f1ec2187f05a2850439b03721a8e95a32c3b6019429fbb33bf191a1dee5811b397daa901ea4549a4b9e548c0f7565867293829a02dabdaedec4f72ea3a2faf5615df5c8edfbbf33f9d3826442cccec1f22eaebb7c560e0e2993c7962142acaf0b87235b76167f148febd85c17c0985799c0cdb7682edc7eff379068c7bed21211c2eb97909f177205c127957d98a1d0a6b10511edece8e98fdce32d87aeeacf11dc86439473cf50dc76cd3a1a0412c2581a802d4a115b3104dffa9d40d32afefd21828535bcc79224c60251efe9937758091247a63d67169abb112ce56f1967a24f6839ad0927b74830fd3966471814292e9aad27665971172d1a5e90d8b957ca08fef15092dbe37dcc7902e4e219cae9c4c2bb105c05a12df0c1e331c34a3e37c6c13d672ba2747e7caf944ff91836566c90281781b5caf75c0c74babfb29dcffa4b2418a3d2b0d64f28341070fa887dfe32d09222b18691090a10ac5e1044239325070b382725a2a33003654a773e7fb912a677eed1fe9fc59e24efcc301126772f9c9467443251154226e47e20136e8238270444c5c7ef97c9d5051f0ec5abdbfd47d6c7c47f3785cc5ef11b5ffbf6a2599c3ab08823265162efff9a7439604e3103148fefbbfa2ecf829fec597698d775076fe549162c0a697f3498cdd9902829934d5a78cf766e7ed1ea880faec70744b1125af4fc6fa76452fd28e7d7fa6782e18a09f260a03e2f5ca6678af614130b86a76f88927ae646596ce13b34e3a6f073292312522e58914552160361b3e33588f45a8e938db3af3c07bd6a21d0cecc8c224632c62061fa5c2290114e22d3caab2199ee97e75a5917a7a8882e9b82007cdda824ac04c658f851449da6f83e73dbe4a1e5a3f29c3b985926bb8dacec4d7e136baec0d21c91f452e9ff54387db9548e139fd8a3a4469723b54b2bee9460ca43f85d797acf10d43c9285ea80af9f4156f53cb4662449b0f2dcbf028a6e34abbc55b33b1fbbbc653a721a687dfcaf115188deee37e1b98793d038fa376eff8831087f79331935a5f5973b672d8bcc03f9970402853c62067a29409f46ae49b0cc0e397b06de7791f021ddc75cab038f6cda56d0a5f57d7b5fe4c41cd49594a09ecb0f725fb66e0f791882a87a512eef0379039f740513491637612af5493f66620007036f07d5d85d01f31c86b0e4ccaff2ae51610aac3a40183da979779a5dbe3feceb3cf68b3336611c8d9cfa844defe6faff8f1047d39812962cf3980e48ce04fe6407549977ce0328541bd10c6e0dbcf89d982d1361090f41f5f52c1ca32f81374276238c2849f3c23633162e55afb46349481972dd9ab7200816d2a9a0613df96361566fd17562d95933c6ae1707c054a695669afcb1a0dfc9aa5ba42668639349b6e2f1122cc2c1809062af698a8120ec9edeb5e46fe354d5c9e8d98ec52bb1cf2a0403be7014d3a5160d8c73fdb9bff0bd5b2a5a314bd81f1c072742e7022720074ece3691712e6d58fad10c77064db0cc8ed15abfd3af55d007ccfc79cdef4f2e856a4fbb4e38f5b7b5b3517d08f44280d14d60543da9d09ff2b60ebe25c4d9dbc69456b916e4df4cd2d5d443adb0bbf0bcbf5d7a06e315588c919e74ed88c5c24244da93b95f960a5d7753bc137f7750cc94d18c1feb4979f3897bbdee18c3889a8bfac293cdd56c16fe71b31ecaeb5e0e91efcfd6de7ce9df9b1368bace752d9345add4dd688e5776d031850bde532058909fc6979b6acbc7bb09f556d44796746915abb54988b1f882376c7c73f02370f76e6c90fb7f700462cea46725fc99763ca4e2179c5fd2cec56c142660d005f099ad31fc1712de564bbdf50a2f4c5dfe2f3b20caa079205d47239f3fc4cce109cc27eef47b912f753483e6cb0ec8ff390f67d917e975c89e3616e8eb4249f1cca7d38fa7782c249f1e240a87b595acbaa0279c16cc75a124f8f725b31d68493e3dc96cc6e76418a483149062920c52418a483149062920c52418a483149062920c52418a483149062920c52418a483149062920c52418a483149062920c52418a483149062920c52418a483149062920c52418a483149062920c52418a483149062920c52418a483149062920c52418a483149062920c52418a483149062920c52418a483149062920c52418a483149062920c52418a483149062920c52418a483149062920c52418a483149062920c52418a48314906291fa0000fefea2d4000000000000000000000000000000000000003475e0e16540caa500ddcf73af84a91fa98ae522cf49a7db93777b1181f68500e6af8f25ec830b042d848b905e0ac22e00b9b88b1bc3193ff0c33516ca3507c240f7524e3a69b096ca3227364667cc9f7a2bf000392822d56d70046ed163ecff883d7fa7427ed0c4498dd4bea4a2ec91ba81997ba525f680262a1f96ce8d1541367b32d61fe5a1a8a46cbb0e387a481e9b38d95dd3cb16dcc0ddec84eb241623dd5fe5490a3afd5adf921bca11c422808543f3a33d49ea0ed9eefe5392093b53f8a08b5c65790ddcb30369d335f5a9c35de24df1a713063e008a74e5b30ae6d78b640c42cf5e939e9b9f0ce2f54da8774b4c50c5c1fc9e0219d2efd7b5bc9c5060552f3f42d027851960ae92b9d5c9e888fa0ad0942f1d1d48a2be6c46799b753674088dc980966f22f03a13109ec70513081ec5879ee9f91f9f7c2c56dd817448d7a8e44d606c417f89c720b3e2d2df9e5e756fb1cd7ff302fe876e7d0c404e05b26ce5dcd93eed9aa5b118b7771ee2c8be948f33a7c71eee45c02f569fa0878290973bb1b966753b5598331a1d473014fd3ff98deca79b98acb0953309c15facf9290556f0b84cc1ecc61f83e3a29a8f45e0b94845f0a667ea526c0aca1dd50087d80c774f7fbf7d651984c591ef4c08c3e925d920021ef9776337670a3320c4088d8392feb79d64519a7cc11e7cb1d984d4598383e598053978364a7d3ee1deb10491d4917be2baa0ac6b8a62d84df8332cd7df391f38c7d8286c0f7d8ee6810ab2f4ca63bcbbf76413f69a8a2956ba999111ebf48d0ea7e0f80af63fe032f53dc96c2d0f6c15eb5349fbf28120ac5b1c3251512e62aa62cca6b23626a48d8c9b6918b7235b3336eab18464c9f18e81f683df8fee9d323919a6330e064dfe11743554f9a36dc2f863f35fe1aa1b646222f24df10f73209f871f134c54c198467e6da54668530f65b134cb1cf9755435aa9b6855645c61614eb1d715cb5a614619deab3f9312d7d9fae41c50dd94ec2b37f4c3a53edc8909a351a9e3d874957c8da076fd685a4847082717afacbb9adb38e6628a3e7a1b74a5de369ec9a2facebb4aa1e32b4ff0f25d08801de92b3d34bd06c968a56fdbe2b72b50d9a9eeb9585be026600cd095f06ebfd544a06806dc2b5454b7dfc5cb47fcdcb1f268389c41b54d4d83377fb61b77a19a924ccf034f2fd4949f3730b914990b7ffc2902c0811b3d02c7223c413d95fee55353bcc20e3a76d49d58f6998ef42ea9e1c3495b704c8dc134198fbe77d13eb35a126a59475368e926981b226d25a3249907933d1eb4c6e3a24e1458abd55fcbedc5d7fa0b075facfc2744de4669ba71727e7f1246c49dd64b29bbc9843f0e6a1b4a372e1dd6ced114fa7373f793d3b08ca1e275a00c3cdfcf4e6cef69fc0406595d4762c9b92d6c5c7dbf8fbed77fc9b7f4c096afca1acbcda4aa6ec55db110dc19391025c6ce15bd4bb84238432cd42197f866cfd5c8beb7fa412f9d54439fe814942bfdfe3e6ccc90bb9c266b9c0023c4fd2c58237364dfb9b3e208cfca16b7387f3b5e49c207e7235955410772bc63ae36e82af41ee12c6e88571524dcfd1d78a595a5b7d4435cb2ee6a18707a3fe8a84978df6887c6ccf50997e9658dc380836501e81ac138840f8fb6e1e9e731ba3cdb9c805934e4dddf0d6b19c13190bca5121cd970e84eb1f6fbfa74aa1f0d6d398392d8e3c23d6dea012408e9077f6be8cd8b6721f2107ec8373de3bfc98a1e47a16378c5debff25599f405c3585f8ac515a428945ee811fba8d397bf0991c9ce3b55677cf0b00686902a19090f4cef554aa5a01af6f16e6684eb6766ca2fcaed39927f3fd7cad0488406b0ac3fa4d54df8e522168d7067c326e86a85eeb92f85c1884d4b88ac045c2804ef8aa205bdc45c99b190c0d1c1c1d1c5cc8bc53731b1a8f885907268e27ff58bd9cd04e1c688f50e3cce042a7f8352dec4c08bd552f38a4fada23fc2a43f9632faaee05c7e5da54c631c164f284536a0b9bb987ce5018e20c2fa96e64f754760ea3e2054d5c502caea0febe7e074561716b5d0db411e272879921ac14c64d99a6d98838f57fe57eacf6570df762b9bc5eff0798e5aefc5f3135701033c2fde5333665187d305ef0a7ec8bf9f1bb9064f6f756bb1d80c2e51b432fc204c00bdc2abc90c66fb11fd8a83550dc9f26ff28b1ef5cba218e3ed46463b62b85cf8bc07d9c1ba4d5a3b00676b17f3cd3e4a90cecc06139c90cb28897cbe52d677f9876ffc00d8881c49d1dbc696e0328c9c42b74088a756585be64f0386757023e2dcbe1403a87c9798349df7ce447e1bdab508c13ddde96c53f5f0fad821291b23749ec6fa334d4e12ed87117c97244f34b916d3c0a384b042e6f59e64c046c54729e8e8e6b773ec9dd9290b839e1ee5c8594666d15065a97e3861e3ca1440673da57258a72ac582b5769f4b7b69babd4beb1a7fd3426503a5a72c8bf465e447285fceec4a05029588b9a78ddf82c6bcf23edcff54425b77cd9a6e92b2c825c5575c14a20511cbe8f7306cefc69af901602fc7ab807798eed960f1ce4a53d3e2740f6d743ff5bf1a8eaa965298286a84115b15a85816a3605f9ebf00dfc7d47a0a37c279dc50abc08bb2215f03454bee04f2562a36e0ed9cdba167e7071a0dedef3ffe6b9252541cda8d25d411a1f7e071f54ae56388144de7e342ee16e16bb55bf84cd28b5b6a9c7a215a96495115b3efb0c14896b00e28f850c7d9683b137ce08c11f178ef96ef8e68f3224dc2cd777a7f36d08cb2f12c1c86cab18878d3d4d613ffe713c712095ab7ca8935adb39277a8518408659de25038ef12510e361b86b7b63100fadac758d18ad6c59a9d7cd3e98037d1b6c97f15390e12e1bcea5873f6c8d0c8da827205acf27e71c9bdb7bdc6d0bec1eb47dd12fba1e7cb0cf7447f4b4266294833c4bf4dab90ec95dc077a4b2683f12138ced08b13567f2ae74f0e18ed657d27d1f4dc94488304fd76a8d7342ac870370826499b1133ed1b66009fac27934cd2665ba7577500608b0e4461aea1f60f9832cc9190ebc9b3b5a6a4d483d9d02eaa627d70e944351ddedb0797fdf923cdf803a32a7f911f3dc39bb45fdfc4ae3b1e1bdf22423142e2855ec22f910cda4241583d46ba84d73b21c696263737b68bdd29ee3359e2ef34b7d12bc365c1aad182655a68a5097fb50b0255ba08c31b679e99d72838d2afc7306eebc67c00430d4f0a113654db82c00c5226c02d404a5c1ec4fc6b14fda6c0f0255fe4e088551920a8854b45122d0bef2bd166c281864f8b44c58b56480d4eee94a123f4cde183833585d368b256375a6a5953595e2d2c0e7205d6b70fd00c0d02a271d4da10e5e76f880c8af498a1bce862848a2b77771a35032cd57bfe544fe55077e77a24cc1b21bd7814a918c1263765277c22c3d8236ffc149515d9674e0e5853ae07f3ff9f061fa1acf27a34b1ac72692918f2cf0b080d9723561da5ba31cf10ce271bb9782452006816d6173ffe19551b6c66e569cb8ea3fd1d5363b2af67709a1650e6542ce2e2064ee22226a0470c62185a0e8357e1c6f1302c2a44ba4f704d74181d70a99b595d1e3240d43619bcfca4cfd63fca5cb17d961825ceaaa6cff1f90584afb66ab9a1848bb4c80a32549257245f68921ede0f0ab72bbcbc0fce47710d585f36113e42e87780a15294f3a91d9ab359b4bccc5d6ea3e0e4b63f500a132367bb301325412efef0f5eefb263d50281e426edb21e467b917bdb64167f7c004b2ff2d406a2a183ad63adee9922c28e7c211c6cb594a55d3993d455154f70e195a2c580730858ab35864d05401e3ce5c0a175cdbc3bc57ca8bc37adaa9b1b883c7c8f85ee28f5dee0a21db03e49651b177996f696da37ab85c1981c58202ab385d26b1262d32e5c39264f6568993dd97212881137421232b3691bca3afd548f01b2e6bcc3e7e36e2a0a55008dafeb7131627452106cefbec0bdf03668f52a2005d50a1a018f012c6d684f97b00ded6bba869ce40827e0f4382cecd31b302233c160d8bee1be6044f2e360e0385ee9448a75ef2d5390dcc80fd5633047199ccf4e09b585145e80d9ede3d1130981130347f64bec32a84fddcae5b2ffb99f7fb563733f80b46ce6eac5c524db4d600cdd0feadab0a6545b150d6d53e23f4578549fe079e2fa7375d2298f8b1c943f7fa8ae1ebadeb716f837579585d9678c4af9f1f7b1205fd7840c2fd2f9d7447cdc4d0233f3d7f4b1c02b9960ed1f60bbe125b938489279ee197226c2e8d2460bfc4adba7d4cc2e66282358c29abe364c1f4f66ae3c69febbeccd0430550cc2e494f8b9fa57aa2c28dd502e423724f2ec71e35cc16b4f5097d67e77dfe6b6736038a20715024382102e4df59f24c18da6d32482a69ac2ebe44e9742f9c98079176e713f6859120acb72e513729674eea24087cbde04b114824cde11608bbf1dfce63b9dbbb72c4af55c817c848de182134dca666a095377d975ef9e682e1fc58c8530f56a9a615752659dba4acc8aefcf92195cdfc052a809c8643e4f8c1b02a456b68a143640914e8d6b357262cd0f026fb9c6987fdf0084a117a298337a318cb40698e8c0670706c2b47b66d0fa85bbdf8018ff56db9a3f5e784b0c93e1397f7e83c9be5282604a2ac7c9740412264271d5e60479817f881a43e14b1f307e1abd835215c03540ddc16a6c7a9b770d1371b65bd0c39697288f69853186fa6ff4a6d5e21bbdae8fd31ec4f0926dec67f2a470a25b3d2247f4a236117138403d48593930c837c3807c750cf323e477704640f5cb91392e8b50ee111b6c731bdda0ad8cb6033dbf5fbdd5ae3ceaf37960612dc883303d37e962d8ecf6c3a781b8a49a65c30f7381b6450357c694d8e74b12b6dc8b615b423702d14e5336f186d9644c850ef3c5d6e84d68d2fb6fc184583ffcae144db4384ba528feacfe14af5cc98e02d367dd70a2315bdf14fb88e51f9f61fa883a06352419698ed628814d84398fae4663ecfe2ad9819c53acd6cdb1af8e14552201c65b1d021d5fec5cdeb1e8524acb543bfca0c8fd112ec49efbf3bd06f3b6e109dc6c1b912b31ff3f2cb4fba825dfcaab94733e0952dbd6460116aa3eaf98da72d493262939215db237c0db1ab1f3c776c72314f544f90ec2c737852087c930818d654abb54a3b987b84fd3c9e010e79fb021482cff13bab625eb7f33bef956d224c3e3e6a269a07cc6c0e937032d0d1525d4ca0b132778fb4cd5917cda0ca340f0ac3b6e6af428cb88340c944de3e1a7d4358f8ace7ded270b3e46c907d081f20c2a398a6d68423cab02e2d49214759f2d7095c1a7d47dc26641851dfa004ce364d8779d2945f5ad31e1e4a396bff0c450a5190ebfae25451f4ef7d43dc83272aef881a105bf236eff988bfc4833f6dde7643270c2720b3be99f32d5f3bde5b286b0c9111a24be31df58085db9893174b2b6c11e9e010b90b5098bd2d22e541a6717e90a1824e9cb318d55a7a8520834ad35385274e995a0a3d28c99afab9d0b3445aea75dbf9f7c4e0ceced974794e68ad9da9497c55ce66bbecdef97dbdacfbf39205cfe6d260d83f585fc68ba35131ee00ca4ddf0bc165ee632e3c9539ca0db0a068d46421f473ad234bbbaa3eb52a91b45e790f4f38082a7a8f900cbc3cb0f64d727f3e66493a5a4c3d0b40df15da95090e42073dc557574264017222f6f3020bd1f6cfc3e388614b2aa9f6774441b0e53aa1839b8712a37c50e9bffa50267f68819eb6b5d3a0766d34148c23e04b23a7a029270bdc255209984eff1c72605c35260817dbd888f234a9b45c30b1d5dc1b305f1bb909a6ad98d47e3648bff11bd80d3f2255490b518b71f8f6bb542ce474d7d635f5fcd605d5042681421282b130fa23d736484b34219815b882b86ac3e4206453fb667159531a549f0104d3679f2fd178783980474d1f5d01595584b55327382481b8308a13350f3ba24d0e8fa61025a939cd7366479e7e514dbc16cda2810db322d27c0ceef5be69d8e6e74692923a28f2d271f2065d76d79c3d1dc8a2addbf7723ac37596e57d2551c3f28a7f8f03d5b4f4f3d6f22bb20be3d6008b2f7afc1be36d223da4957f291ea9909fe6f1a451eca285b94b5e42863bb1fafcd114caa4702c462b096f4c9176e775e1e3527af1b05248e745bed67c9ace0b9a4e2d822ca47f0eb2594611b1dbfced17a6dfd657b0bbf50252aec7d1b08bbee3cb877cf6d68479748d3a9850e2a9887cc2302d1412f029ceb63a6777fc3cc6f341c8e6c875fdb2bb1732525a33235e631e22147792c3a79ed5e10bfd2b38c22b7f93734752c87b9eb8f12f0fafa282fb52aaaabefd9c89f87708b538fd4b9ba92a9df3a73f957f0ed2543340b00ca7109522ab5f197958a5ff8d88e07ccb71c4dbcb78756660ee78d1ceb2a1d05c012ad8f01f3c4df2e7ac55c5c6507748f2690c8f3316b11fd3fb7c79cc0c69680c43b2032f9974e220794d39e19c1799f5b3cd207055c631142ce6a6badea71a6b7bf7a97befe77581095cc1a5f817973bb6f08a954efff64c68a3a3363b290cefdb4b8a6950c72e965f8806259452514a94f8cdcff2ae426660541737bebc8b424f454e206a468c873881df35bbc8863a50d6c91b09c99ef5fbbd3fbcacbba7357eb78148e8ad251529361e3160297ce14ae9a58879144b387d08e1cfc3d443440b50ed3b3c666b8e4b093afa79ca2a0a9ebdd8d9eb9d5837febeb5c1abdf8062d88c3b5e99fbf85ebff24b800e72551314ba037f905e2dc75f5de68d0db0cef8fa66c56c2e87ec2e16d5650f07c7d14296d5091bda05dd7ccc3420ae5f2674f6ec0069171b475ff357db8c6dbd9206ff9ecb36c59ff7a4467ea5d9f0b7b483c132b468caad3673303d7769945da9ec17e6bda8bfacf841ff6a6f0fae3dfb5fe28afdb5aa16d9f03a617f656659f57ad3f3f928c95fd0365962939ac5c1ba86eed2c6a4090d324ceda6fcbc7c2c52a724128a8b928e1bfe58da3d0d6ea5e634997d8b9d6234782064ee768da7d8018640b8f0c66d7efb802e4906cb5edee00aab85ab1e994e912b48745076bacc3963832466f018c72394a1012a57ada5dcf5d827e5cc8b5397265f62a70e1050c5c033e4f3a513fb07d30a7b637dabfba8ec3712efbfca5f3ef420ff955ed016fa7d39c3eae7403282ef40fffbf173710b33c20c0ee7e6a5822464634fb3c0217323876378a0a1ee00bda481a56f9c1cd4a37b5dbfdf4e9602d4bafbbf0249d7173577c6f83c646dde58ba492cf8dcd6e4c2f33b5194a270ff3e7b4704e8b10b1500fcb499102344338aee02d72960ae064f84fe69556532d4d82e86d2452f1dc4bb18640a37e1adb167483af6201521c12e84b01b64cc1c4059878d882d8041b5cc70e7ce7fca35c43928f010fcb0dd03ce54a34de3cb920e5202b6a762259781cea2883f26c4057efbf9fe18b76dba278ff8e29c9bfb1c9ec7751568d3d1a97e94d90dec743ec7cd992f76f9723674c3f260cb4bb76f0f840fd4ee75589a80c805d81a0c5afc08d98c64384fdcb8b3cf47981b65664dace4444327a2270f3e2793ab771fc6dd81cf2c144adee6d6c2d811f64900139796b45548cfb66f9d7f1626b74af41ed09a456b21b5ca8b90b67611c82066d818be9db505b22c6faa319872b1f1f7b82d1df413e52953dd73a2abfcfa863bb2f36199bb6df3be42f3d01718fd387c5cdd67573f6d291ff5566bca29d1bf6546559c77175b0e007d48b47414b0fd62f9adcf206862e4f960b2fe2cd8cf5738279cafae973520ddadf6ca1489de0dee53698f4d1767951027ccf3bf3d797fc849f0cbe3bd90e022185cf12ec41a52a57f275e0d759b1e537d4ba36627cd1e593f88e392456f69bc7b10669714edc619ddc1c965e2920310a2011b2a2416d68535f33e5f3ab151ff3b1b09f6a2b4a6acbdfea6facea199c5050b63d739de87d5b9e4dc6d7dbb5d2050baf15e12332bcb8253fc158d2c07d707bc555be5c304e9d9b689f10115235475ce359d0a3ed93dc99915a103b4c1ee552dd669e0d3508302cecb3de359e9cbec67f915e96468a573e7d4bd1fb547694bc5e2a25b3caad13a72a081c87e114d6fc87f92e3a50e25479a6de7e2f2cf14391bbb2b4649b767d44c5178d60831532c70dfbf384efd38cd6ccbaa45f525857801e53649f844034b8bd253c415215901ed35e9804c0573ee5fa386bfb2ffb19ac9dd850be5c1d5483705d61782f5e5b1c869a03ca0373d8f3e55d2bf479ad3591733d1365e704fec294848a7e5a8857aa99541971d13183000d749b77484c4d1b11cc42d18ade0473b62474fc4199f3cee5b706233b8bfe7a9f3cafd7c044fcfff1b49b3d4270c22989d36b23d1a283771ad556eff88c28c2518ca6d05ca3bf9cbce62920e6fe82791a1fdfc3969e852f39f4934b77c139a7f834e3644c153e7e315de6dff58c9db52ba94e9ec93f4e117b15b00371d80bbf1019de827100aaccaf94260f22a7a0a827d9340456e99b4c44a3b3181e4b24e580db12555eab5b9016b53daae27fa15d58522e69e3534086ffbf4be160e12a7604e0c02f61498046e3649929b57bdfa759d8e8563a1db39e7d57fa0408f06cd85c4c20c4df661b54d57e363ca72eedc615fd38a233773e4b62e98147680588a16e293581c266c7430810c36ae2db9264f2223f8b4d9f022378eceac6cc6d6e20c06f98737bb5cbb2333326f83b864c5f88527bf677d4e3b7a6e5492f2551c8af8d04c8c3ec7e280429ee806e0f585159bfd90058fd1842205c5baa5068c30e27dd69545fd34c2dc152b07e51ddfabd5bb8d059ae06b3b2baf4f106daa100879e585e9d14701d1f6a3175bda71729bb346b6d7667e1d1f17819581f33f3abb83699f774c30e72ec5476c704b4c98473cd6f56247a53254426b69a917852c04f74167d4f6ca06b4913c5a87a100db0371fd813a64d735710e7c3074c8c29ace084f355b88fea98062dd8cf1366ba1d55149ada38729d71788e28086e39447e5bf24c6b40b065f4bca36bba4ab777f13aa83dd7bca1b43601e09e9bc98ba844b7bcee70391251590342ad9c453551b4a39e1cb2cd52a0a22966270e8c63dbab8f4b580b32fb99ec4074fc8640d944ffbe4d6b4ed8f36bb4c9cd4b6f17fc252635d9427fe2ada187ddc2c220caf9e83297db64a3694ad214c130673f936a8f729f20d79aab070695983660ec36ae757d71d87f7b45d4be8ef97dd4e1f2f547528df583d40ac043d47885e623a6b20bb617c31e5a252cf927dafee80637a5d3fca74b5ff11cc94d8ffc14c16bb3b4fdeccc8bffce3b4f9991555f3020a979b08031ff047c5251875834f3b6e0eb0d7b774b4746372d450cc04a5349559f7dd4ea33edc3093b4a1fc03d389b92895c86d3f93488d0a1ec456b35a5fb8bdef403e3f3f5ed05abc42a4e3511ceeef4c8aa1930f3017bc01631826f84a91710de17cb5cb2b980250a97935e56b3cf4ff8eca58aba9ff0f9a3abbb7868b6148f656a0482e692e0f879ed3b416d43f2e4eedea9dd4fae6289624ea405866426be2763c90ea588b4ff5404219649e1a9cb0b2288932bbe63c71be336441fb331b3f7d2a1a6b45a15e5ee79a7271a851d1b1c334170fe3192b83af8ff34b6e044374b8a41a63ddaf4308ff38f1b024fd106eb7cda840546535e344c802045ba2e84a7c579c5f566d51d14172f7a2218bbd70879b59506863c63817aade76c8a2ea0c7b61a4a24f9148f37be153d3bd84efa8f60a859dee06b9c4293b5946587b39ef3f6d29bf4361de2de0a5815478208608f7af3717be7f26ffd6c4b19a5593000da10b80068fc938b4dd5fd55d8ebdf2a7a0dc514ccd492111d176140c88250d3e1b3492e92474b5bdc40cf15fa50056be9803a886aa3b45b63be298e39330780d6ed406a2d4586f1a9633d61c0031539157be9a61c20f9252b3138d2291c5c5e820f243cc0c5c754a0b324e123c607964723cc1047df3c7434e490401798302826042d747637bac38477fedaf02a3bd1d5b59bb2319b1eb50163f6fc0b6f7dc0cceec134d0f26562cb55be208d4caf02d69e9c5c0add245c516116bf1889a0cca5eb13b0277a72d385a9f3084155c600141f174744df488e04b91b6d9d4e7ebd02c753ced5840a231a5aaaea2cf9f98fcf0c8a02e43543220cd4853567415c29b064e9d28b38d9090ed950252ef6cea2a4b369bdb26e60e1c132d61f8317f726de2583bb0df729d8c847dddfde3790dc013ea083c3cf7576a33a510b62c6a5eae1b3fa862d753ccf3567e677623191319292b66fdea4b5442d1d824f0dc921771b327fa0225eaaca2b9c0472bc26fdd56c8a7c74f448001f55b9b77333e4a2f7e85586a16c7d5931b993e52a58881527a05f85ed65104fcbfb1ad566fe628e53d36dd1bcbe59a5ba711e951c396cc68cb2c877ec8176cd8f3c390610d79baad940e0dfa4be1712c5e4de3d0d133feebd952f2b26432464572e5c35d45105e349f1101227a793282b51d6f4db26a70449c512418254bc5b095f0456b751f7fcf65c59fe27bbeffe1ae14eaf9f484740ca35ff55e2d8401e185c7b8f0569731de537b04db40c969c596756d00d4016ef300e49f99a2b390b948fb62d4b906330921d2070568f396c15de485b41ad1d645f7ce1174fc877acb0c4a4ea8e940fbe3bef10025ff7c282d3e8e36969405f74e4db68bd3590303743d319ffa67d5830a6e3c29d2d70481a9f6dc66fc6e0ffe0d416ea7107ab679bf32c317ddbff630883b16f8f7e12cb4a5f0bb5313031e0dcc1bacfe0e4f4fa72095d6889f781dcd15f2b58178ee57ecad144baeade8231ef809cced87614d48d31d28fc45e9c954db50734369e6e09c8bd8327e4adb01e93baefcb825c243644383d0d7be91708d04fba609ae2d2fe802cb5cadbb1e7d92efae44451d2a3468c21754328dc8b9096d9ef312d96135713e7ff3e4bf787e7d79687d594bace80b2f5de320f6463b5345c7fabc4c1d9899b43adc86551c5b73270b97cf775f0ee3efb2bc2d59750fdc574ea1506693e238a6e728bdbf64c942b6298fabcaf0745621bdbbffe24dcbe06aa01c33dcb6118ab05cce4c769d6097d1578548b32fbbdf70e615e8f8e6eb25aed4f77ada4d8902b1803eab3429bffc435fb3c151ac69f4cb72ced7f391dcef91b13be37718c4b598a3513a1e62ab7df8e7388f1768aa2a5bdae228ac62eed04d3dc2bf80929be975cc88f2635a2a7d6d4f4a00941ce5e64e3c4ff507f6dcb959979bb739231bf270d6647d89de89679ca6342f5e74dcdd40dcf024f772a67c6e0e32efd0a680d96ae4706654db0c215e733d2655e9d19e32ac7f8692e6df7d65f190e9f37cb937164d350f33f581fa39165365b52e3d706b663d6a41744723c8659557a2e5944223d9e28c4b42678610562466fcf2eb802c05a5c03b56fb4251c8eeb6e0e6497b06d1442b91e3e45078ced4aca50a481161d3a1d3c7e0dbfd0a10bec9401d8abbd904e3402e8fb1810e85cbaf3d4bd996da83a34e734f40cf9b8b94b5fb1b7f47e733c0f5cec30519292fc64c70850da66a833356d17cc8165e2698a15027aa580f51f0886db7fd1dab40551625c564913f08ab7dfdf7bc061dbd46b8485f6f8d9119b7c628b5dd90c44180a585f87f98fa1ee61c5cad41b1c7420efabdc6e10568416bc9d3734873846ee2c3215a1a3291a8a028f61a7a39961763c8de01d7cfb00b13e01c4b3e01fdb4ac0c4e0faee553ba113b96a060ad484f8c5052ca29f14e8955e7476787ed1b0b18c9c279ff318bbf057b8b4785eeff1164421c6ec30042ecf6db8eea876be0b9711d4b13c5dd3a2ea23ae73323f015816eb07600d78ddf86e783e1eb9b7cebb9e667e47c4709d2693d757773f5ee8431338077b96463d83b023ae541c3c08735448d83690a23b1626dfd6ed5dc30d0596d4b03761dbe775826680805bce1569d88dbbc7e2ea3fd93f0c9905d3689b6641b4bbc415e32a14be9459bcf98c4b248acfc21aa10a1b6bf57f36f394fecbd5bebf73bdd968c911a4ec02f1155562bf1574da907484879797df7a6c8ad767861ff73f2f91c1e2eb2db5536a3f4a13bd7a26f48e90a9ea040891d8b5edaa4ecf6f6b3c79bb5e422105532a3a8feecd096379899d58fa04e4fe76e172fc815194596939b063c6b3b25c19f6c1bb5fbeaf8338b206d3cc11c82e9916bc99bc4d84939289f3d24690d5a0d5101018d73d99ecc0fec03babd7be64257c0ff889310b98fb73b5582eef101b288d5df7d06b1749cc7e61cc33b956508b333ea96213ddc700cddb38cda70390f621cecc90fd3aef37bffbc95cdaa1c9c39f30ac7b4e904824cc4671f7e3bb45089cfcfee8ad557790b582feb0f9ff39e940eb5bf85c3dc125fb524984d0aba836cf4a1294556db01cd946154f49caf1855e803cd9fd3bcb4e8a8d5992354b7931ba2f3918d5b18e15f1909b033270aca23dd32d7ae6504791856a5cc3e3c3575917868e520c4790ec2e79cdf223060826e318e8d4967dc214709e73350d7b2607de174f242d9c51d401e0af8bd17e0a3eb36c0fba1d902bed0469c4538e1ae843aafbde7ba15b83cc04186ad4bca508059410b32ae13b75ea4b06cc9a673143c714e997f2df8d3f20b29cfd40eaeaf5e61dae806cf527babbe2c687671a0cff23a7dbeda8ba2e93a76cc0b7c0638c02c159f21e1d14e2cb0a45c5c64a63562a475a0dc6ee959696b173e55e1679b14abfd17d72abd2858ea5b6900fbd1a5ddf572c6f85e752b1b9f6990908bf7300dce962bff281e6c06ef878c0c377519e934fc5c6c3dac9efc25f3ef768dafe4d58121faaa07ec8253a833b724f76e14dbcf9f73fa1d45db9ddb1af3e5f95d6a5c2b4a8883f05569da1594d2da597eddd8f0a8cc639385d4ec8f8c39d88e462f6a5f0980b5934abf6d3d3806314fd1ed594672aa684bb173637c05be26e8fa39ab4575365c91da62d621ec5f3ddbeb1acd4ad9638ce7f06704a2e56d574ff52e40f234036c08bf84b7708a09cbb023c83c5689aad4bb329503cb1bdf25a978b187e7104c9bbbc78401b9abead231d80b34d81eb8e94dcc37881b2d5e2bf7e415e9876e96c36b1a8696349bbd1375dda3ddc8cd833da708b62e3c79ba60359057999d0b5e49158bc6c3baf37f543a14869fffdfbdea6c04c068d621dd8415ebb61262cb8001fb95ea5a202156a2f3e4ac1533efd2b47da74bb93fde2b823b5d17ce982b660e55aab0f5384662449c0e9d8901a9f0ba9dfd0fdc8daf5691ec031117e4ac550be2684f09afc51b86e0d5c2598b904d24cd29cd3422a4efabb7d0a402003af2b53b39bd4925d5fc621fe40a03c4954f1441bf071ff435fdbaea70c84903190e0bfd57a52bb175379a3c83ed7716e9dc8969e6d625395d734899cbda62b88b5acc6f077b5142cd9d8d1531edce93256ca7dea53799bd3bd15d91d49d167f54c0cc377dfe7a5394ead0746b8a2d0ff00481a7331bbbfda56026d1fba00a21862597aff1cde23383b834cc40b491b20aa32d2df8eaaef1e5afb8f6f780451c9273b26c8f1b6494dc37472b38941db09d9636f0cdd38d10592e5042f741b4b82ff02e888fb207eb8451118d4d2c9a143d0556c0044b73722de48e76497ff5ab992315766c9601c74ebb69ab7accbe2c834ca600568b004d80276ab29c72b5f750a3e9e708d565abe10081d08e6bb0dc8c2165ba7aa38867e2811ff501f1434730b5fe26745186640e7e01e62b635f8b871885cb33790bc12467a6459fc6fcc1c6e75a8c6128904030f7ef14e9e93f4dc05bfadff394f456487ea47f525652483a0aa07e1148d9e852f80878bed7ffd191069c0d88504083da2ca52710ef95cac715c50c6c48fb6f9c8a7c65a43508c568a6143d876758e37e4ce76d88026d03f85c52f16c714b58be87583bf393a6f7346133688157d4cef3f9fa531b1cadb2826b8a8aa71eb38d62f73ea56880c4a0db0e68bd9fa70a3b10eddb8eeb72669e08834c4a597444fcf2aaa901bb95563bd4a507f85ad5520e682da65245b07580715c8b836c1d22afc24da1378fd3e6a9d74a28460291103ff6d6af36f69d02f6cbf1f37ff568c04752e75078978532d85a81336e255cb74e2040124fa1c7b012d716dc110b023aff3757ed7185ee63a8ed12681e65ee287ce231e6fe1d525d60c7e10e0ef8613a61d5269fa9ba5aba982c8395dfb7b4d9fe19e90988a6509c9947434d4e2d64905ea3d1f86f122b753c4bd29f4ebe3ace842562a453c8edbc8d144e8f2e85e636a9ff73acc609ec59765ad70cd467d817f3aae356a7c9e2df679114d1d9916dd82a094e37835025dfa57379ebb2fb5f27c4d064e6211874d19071452624af9377482d3cfca519f65f28aced1945cfd6325b941b91ce7c58fb049819c6ec6cf818850422c226b052d4eaf606095b1edece475382ad8005763a26c28ed565173d543c4c5ed621263617a106ba3257c9dcbde2e4f05ac1985dfa25bcb35f40a40851d7ac24d33b5fe34c58be3b64c7d66ee6d511779c0483050f577213e894ce8f2f18dbc72a9fed0f1b49de44d2061ee2d462ded6b9e999f9549f0f157987b27373f1e46170e3edbbe4d383e41033c050d8362f7cf38dd48f798528c1be09e386cc716dc035e1ff76bc45e13f7525fb20507fa79a1ed547730d17b00e1c5b38b4740c8506de4f14f52aa5273e5a681a16ed475207d3d59d8124731d52f597f1319d5f2ca26d7252831be13200ed6724d00196a946cfc1150417efa53398280ff2c856415949c9d9694ed9e7d632f8d58c68d8df7d414a856f763e65b60bd7504046cb5098911a1e9a97232fded144e23b3c6810aacdf70fe72084485aa05be8b25c14a594076084b0165f188a39e815c1ecac6ed97ddaa69890d53ae06e157a2a94cddf6f9a014d8a0aefab1c2dbf04f4ff1527b6a62563436dc4d3dc62de33533521cb2da4fdb60ba7cc82a34c51311259625344090160b5ab7232acdcba0625a8599777ea03b208e9f9a22c23b8da26ea0954e9b65a86976ecb636bb8872f2e8bd674c5d7970d76de9dc29c4c79877bbeb1788a0ad767fb8981e4cf7ed4ff145863e01f832983bdd1c61969114b6c2c5c95513caf0adddad6029cb98e1996814a2a7fcd429d39dde187532cb2263f45407b6bed34c946d7190e5898739d3d5749c2ef9969abe227946afebb51d940301c4c4492ca1a327c854824a568df403e4f00739bf3eb09d0b73ab40e123162b3862ba40e39f925f9d44154c37d65be64557bfd579591731fabb3687c35be118fefe79a73c55439d36befe606e9f2de6ca532494ad0dc2a690575c83fff131933fa1fece8a0a0d4a3ef7372bd3758fb26292722cfd699518c17e7fdd238e8e40551b04a84fa0514b4bdaf6d80a2dec345ef960868fd5959bbb867231ba05d4931d3fc24c5362f2e375898a4b1f63396b9fe51642189f485b14a1900c1d0ce34e5605a5fa4cf397c63f8d4dddee1f4d2998571748e099afd67ed01e39c627a4724fac1f10d9161394f904318e2200dae74a3652dfe4cc7d3a8ff793992729863d8c0ac38f1726d1ce93433a3555e6260961ab028f7797c5acc5f3428fa36d5dada4d49d393cd3683e49c2df24ac213087f8cf5a33bfdbe6564dbe9cbe2c6e7e8c9e00c1c8a94f548d35688f947409ddb469fee8369447f0ba91cc826bf715cf4cf29e0faa475755885f92623a7211f647637c702ac4b605a6db027204efa45ee93575c00a00fbd6dfaa0027209c8af1055ef802bd41a1acfcacc291426b5911089442e7b378c586f50c97a288d8b1a700e5ef4fe40aeb2bf6655db40f9dc39fd139e798f010b41a1337730166b1da52411b226078c341a8bcf4895f9bf672e717bde26c89d1afa79cc44b25fbdc49baecdf6bac7211c4107f65efe3431fb01f11cd8039d843628f7aa282945952d56d7d50f6069334835ade1957abffc5f422f5b2efd070c3b3caa19564569a4e975547ece34829e26dd3ffde528c75db24d370bddd39d2db9b7764322ff994e55ee95200925937f3c3e9d9d6e3bf14d72dc6d0d3cb6b21202f15a1201df5dd64da2cc9f4a6d07b860e5c625df263c9e80f773d24351cd4de53c40fefe4258e5f7eea8bf727c5ea11de06dcf2f8b226f3964fb4d9793cd298d7a41d4febff157c4fcd10820e5f81d0e6ac7431f8bcf155547e8e486513be4d1afcee6c41d45f5a8f966a28068b6d67ef02466347239f5cccbfae990bd1dc0671268f70caaebda6ec0faa637813e16e94bf23646377e749cd820d724c48dfbbfcea2c927910239b6010d2df963788ab7f9a29180f2da231ffa7b133da126e985d33208c7c40f99f97f1d4db303f6d666db4a3cdbf29de1a59018e44f914056abd293b80ef74c818dc88cc3240abe2981b5bfda968e5f178f1156f56207f7d756702d388b1c826482fea4945a3987558a16f7c4de31a444eca33610e0b3e818d5bf9789d68ce1956c56b02c743a5898bbb90fb84176478f9374e6ed80ae3aa3d9dead56aae4a8498d6eafc24adc1c1fbbd87ad30a910e3fe8a9ddc014860be822e08a6c817a137a8fbacfdc352acf402be1422026a1fb37cd836fb4061a9ff7094262f5d7404b0bc296fcaafafbf48d6dc7dc91b51e4057c41180f5a1ffd2e188e3cbefd4dbce0453c7452f760264871ae6995c7912e933e499c33c86daacf514c6d57b663117eff35b0f425b75b83f538c3ab81bec8c663660aa0bf911d2b96c979cf9238062233edbdc8634021c781417c9578916bbc98bf8e2a3aa4db2ee290c23eebbaae0b3bc0ec1ef87c5f5dc01ef396c3def79002cce095c858b3983330b9c24880ebf77618d1d8ba26ca032d2d890f8f0bcda51b8feaf6e5d664dfb67979b5ccb829f285872ee19e8b21fc4f9399576631688e526f069754be66d90d3ddcf981416969fa09f8175875821040df1e2df09331f97977afe1163a79e089f871480c2287f69160886a18f2e5b9086fdcc36fb7c3443096e597f06255be8ffa074d3bbdd1527500a700f3d5b7f1b2998d335d4210cd8949bda0545c701d26d9a32a47594599bda287a5ee071e08da916f5a0d9933628935f8e57dcc4eb5afb973d25ba454b4233ce8d269f4f955fb0f821402732be21d4b8f031a941a4eb9e0afddc177243ba226142a46b7a63231fa7c142fbf35cd82a62383bbebcafbc3d4c3a3f265ec8b680c1ea537f9fdd70db3b8c6f9b41dd0c3d11145e850261288b029b901205eed08fd3ce8af586678638b6327001be07c7d5b8f92659c689ab5f56ae7ea0603549094cb60f0c38a5a4237c848291ea5275570f68d25612aab193ab162289aa3d580cd90cf112442807196644d6c74bf6d1690d65095cc99919dcdcc6792ff30fe120400e9e64b196f92dedb4c31600dc4fdef611744053b3ac8478d7799be390b3611590f211b233c5ecb2cec39440396b0b3c9f1b860976721879d0ea5c4be6b560d57caa5e35251f1c5aeef9b5ca5aa680dbc60e0479b67481d3a187bf18a1cd75f22a01ee04c6975813644fbffc779cf8e06ee8f5d2d8ede06d89f9493c64555f30a02c0fecd0e30a705f81d51c4d056da9d80b27a3321c6010dae5a854e4c4c19745770bad49c47a5d4617cd02d1a7dc90386601992ad424bd3bc729454c725b8858027fc8f7de625f7124449ec6e98d2b84baed5cf6b177af2ce1ed9825b8eda26d0b7b8e74170a3213ab1a199082309f4d35b0f14c36492903126bf926349020f7356b3b5fa6ecaf2cc31f3e8ae6afcf57b1ce4878341289e898000765fb0f60f0c2446d8fea0bbe49dc28aed72c0b1398da80de69600e2e4ff447881191daad7c3692b31d0080be342e2687df835727f192c94e9ae0ac6796eac7559b86026bb365333928a96297fb3b7d25d438d12614ac6a26017316dcfa508723a48c45ca076a5172b50edd0d0cf9b5cc1d469cf917932728d8ce7a730a6a3bf887b4fe06205f33094602f5731715a2352352f07a30bea4a86dfdc7c9158d7bf24c1205921b45bda7e390bd3cb265c386ba024520a6504ec906cb87311aa9e4655755e13e19f8e5bbcb147b17642b90b10f2c30d98350913336ae0171e765f6a82ace39f6abc3e73d6cec3935e536664e7e402d64a3acfff06b492e036ceead2bede4bebf4143da4be71107894485cf1457938480f841af88fe78b9d54e97b0ea30a734c914cadb9e6330d815491c5642afd0cb24ec99fd2bf615b5adba49adfac7e223d06405a958ce2779fb2a1d71d41c168b6a4c3fecff8d7f0c4d1384df26b303d29b7d1e9e5f8bf22635ae07e97b0cf92cf000b9dbd1408da9ed00120b705a3ac3d60d344fea60a02724241c57f1351d0cc0ba2f63e0d9535ed4967a74ecba8afe032654fc084de9ae50cab904fe690418a8bf767f62aef8f57936e4155463cdfae7d4b331cba3df5b9bd334b1730635ec352cdf458b249b873a40a7ffbccfab2ed4cf3e51a787f5d84f5a00a96f87ef9909a707ba29cdf248a58ea99a7c2c78409900ecefc9212564ef6c3eabc1d7537116f9fe14cabc08efe4684697a3c833df3571f77442734848abe4a02b6416b694732454834d39f19330d8eb87c9284e99d82db6b301e85c8e08507ee392617d11b855cab57bbe636397a4a76f8c386aea4015741b6d6c37f056a7b1df7233972163a2668d97b10c84eb944a46aa2e94faa2751a87bc82e34ce4ac14ef9e469685fd4f34fb6e9b82087af4a37743ecf396fc26915aadfd3cd6bb7b70c726cad7414ac2b58099f6e35cb16032ab7cdf2f82f1ba00fa923b604ee9e7a6f02846c1041e126330d7c54f4636a0c6fab21d4b32dfa22c188ccf45de87113e766f0a3041ac60e2f7545a08ff352b05ac1ae7f713c7b63f04033cf1a981bc2b4e75eb2e0f5d4c1fd5d0ec74cb9473bf9bcd28a2fbfd16b9d29c592702abe77d157def4de2fc66234dbd325e864cf4083847b6302b63369a562a52552b9642f550de07e1ec71ca460d5f91d91541fe4d4250a22b8517289f03a493aafac10b6636ce981a56874f1bd34e9a914bddbb8255f22049bb8ec0708774a01a450b6ea4666a9bdb908810449c507d58b9df1c2e6acdf8de85ab522feb2a013134f9f6ea55b2d1473513e4e60b7e69d5b1f22be1072576e110c0c91084ac441bec7c6bc6d63a9ef040dac8756dae5163d1ef7d868663c95eba1d4db59abdfd4ea5f95305933023dad39211b494b557f53cf191a23579ac6ef4e2958df0e74ffae3cc1fce96d921291dda88642bec2bbe4f51df7dceec57aa781132c8f7a32ec211f73ecedc89140934febc62458685b6cba507b4411063391826ca62847f6aeb37f7639e1281cd6438cb9f84144d475be302c86182ceafd9cd02aa1460b0e0c59b95b900042726c33d32ac5b4756c51a35def29bc9e145463b4d0d68a34cef5fb412067d0fefcd5975aa245f49c2376beb28b07b81fb86b04c8c8e3cf30619bd26120bc1e80242ab89092c0a50f6bddf41fb49c65c91409aeacc6deb44774831ba45df6322ee693210122d501496ce33aedf4aeca5cabe51ad3bd16d074cb62b35baabe74f3edc23e8f589fc202dd14058dc9f2367d3efed952790305ee89569efcb0a4cb302c838a79d0575b15d186e5da8273ee40fa993794315fbef130e1e6173e06193e45b93f4580358bca3b99d2654cce511ad61828f30731a9698d378388c39e6a5a76f6c70493409e6919eea2ef8bfdfa816d9fc72e0c257e49485accffdfa17c2fc02062e2aa995e0dd0cd4b6fdda7abc7598d0164b22d80c28adf1781a8e6a9ae585f1f4e1236e6ec633df01dd6429abd309ae66b286c135b86c4981e612fd5dbf622c98d8c9cfaf5540014e99c09403aa0f9903f29491e68fa8d460ac3984a49748ac66fbdda88da6cd5e6bad1755e20f1d0578c0c79827ad901a5f5800670dc279b46b6569d9a715ee133356580537cf68fc3972a8fbebe32c3814cf8baf9ed2b1dcce0230aae849c38b06ef2fd71eaeaea885058515d27b1c9abb50b364c11c93fdf112ce5ddaea1f5154171beb5fc251ae42124368a016974eaa638c0d5e4fda4aaf7c126e635265a91b680937ccbe4613275678e8f12e8e4c0b54ec36ca1caa9530cfb921bf918bbb70ef40bcecc15f7cfe55d24101e6d94b200cacb9a3f85ead5d5227b51603f7e22a2a3c798fecc485007cdf9231e0693cd7569c036b8b155e5b16e66a4b5cc72c1f391f66e183efb55623e1bac8d70f92b379211e9c4478a9da6f3519b74c1f9583d8948d7e38e97e352f307eeb2ff9532d0623f7e78b3bade2f1b93bfdb1673a7827dd9904312ba57cb024de57782da070bafba4d992d12f8d05efd2a8fb887be2824a8188b57cdd72694480e0efa0f8d10b8baf17a44bb29d51ecf760f41897a5f475f250bbda32f08454e57604d181f82a578fb5a0fa2001abeef2ace0bac914763c2433668697202e25845d7dc5243bb157eab20d8f7b85f1aec7c69fa883bc09d30ad3427426a925a20ae2c36233dc4bfd82bb49d16dccdcdbe64f8e1904b7fbc11722ecba69fca17887b0ceec68e11f5715a64506bb3195f7d89b11bae33f316ecb1a05dd64dcd16a7691388d6fd3bc9cc1683a866a4d5d9660c91f37d48943d91197e0da2db8a5776c20a49a270efc23556f9d766544d525ff442a38905dbd689728efd1cb173ddd307d23c036993da78f5d66fb56c193fb8a061dc06eb387f9824c215f1625cf0da515f7a71a429bf4a86044d3dd54f2ebf32d3a7dca41138bab7b2a978fdaf049aa3f5d40ba3dba90938a15c9ebbf3eaf4cbab269a20d3ee5f35e71592ee710a1012fcf96098cbba1c7a2fd3baf7620d0ce6ac84b2922f9ef54caac655e0e9db74ac309025ef2cee97d8b2309dd69e9e672093dc85fcb17f1c38a54496163f782156dade12efb9fb7fe9950a45c5eb8b664164dd4fd959557bbed0cc709b5afe38ff338abc241bd84c53f24298dcdbe53fbb8ab7572ce6c3ed22beb18674c5dedfba5af105357172154268a598c7be62fdda16f9e48b3743f11dca89c9d837c6c188928ea59ea0388529d89ca4528a39c8f8b01956bf34e0b0f49b3c7faece01498907ccdc1e25cfadaf271fb5bab3bd816ca9d267dee5af14a7389716cf50c49d23522436614dda175af7acff90329aa8954ce391382ff51c1be4339868b3fd7de3532708049dad5202ec1a7825fb865a4d3f6fb2a54b12f5f5e05c71d93ad0f5dee0f815cac7c09701c487473e96802ef149a0247e91eca4e773443c3c7455d93898425e2f1e3f01e6a441c6e9aea2e75165ecc0465e7fe4d58f9447195c73e00832ee2fc5ed5d89c20cf9306b205a58bbe79b6aae71dc1c5f542825052a47309d88cf4c7baf9e9c08baef40d9a75f5143f48c5177cef4fe82868af3012df4b3f13f28fc8ffc1bdbb95d4bc43e8fccbefd0a5ca55e2ed1ba820812f02172bd0f537b9dd5c9c30192bba3b1ac652ee1a5edc5f87355b9ddc9c411236e22c0c8f25c42e0232eba730a13f1ac6073d050193e851dfb0a610243bd387eaa3dc0a5b996a79e20b5ce8489a00b79472fd0f3c6b765ee320d8342dd98257e76c76eae82e2e0126af89e5fc7b5d36907858eba464c2393074c7c41578f6731d324fb23aaef101b4b04892c995e64defa9e9342185de05c27f1f995b65883cec914f4469bb24e1b1c42237b26ec45c68422874c3793c658f398ccc5ce3586002d2d70b0f179560c4d471bf005613a9f2fc6d51f2a1762506809a76bd29a3ddce64b6ff5a2c7878a044c208fb0eb463122a976729f495a30d549400ca862b8da397c4ed23b2692e0d9ac3fe039afb7896e31f693a404174e4275af39573b144fccbb8336f6b9317bee6b87a5e4a11db6d56aaef163ee611ca66481fada30447d749a768567f14f46f84cd9f6446aa10391560eece43a1e7fc9d6be1c4d4ad4462f40fe029adc1961eba2a6b018464849bc2a9ef98cb8d797305b782dd2bac5a262bf9a65a9ba20c9db762309145f4463c25a194c59bb25054b510671f6e01d626c5505d72a94b1cf2e4d0b6e0100efb483dbdf4c8656e6951e6c4b73e1a7aad413c090ad928f5fb1a00d6972db65b9efe767c76a0d7188a22e08341de680ecddfdcad264c63dd32baa9b88b95a078dfd5092d05ad46bd95fd91bdf353eee01b71726b61dfb9248450a0c6819bd8630b3b5d0df330afbbe05ae66a12032a3773b9404d4ba99f6d2c919bd83d2da59e9061da41252edc29e7d6902a5e967fbba9dfb61f87821883f28ba114b2156352880cb5a5778c84c4f5fa12350a138f0a24158a81bcf3c5fd5d626bffc3402ceea0777468fc84a9cc42ddc6ebc90855ef42523e08ce80900bff8aafb99df7e416ad2a18e8314829160659637e97d781a3dbf3138d3492bc604a01f384bba040a5d5c6b252f2de1f0242969ffeaddea9662be4774d1f2e813cd6555dd7bcfb79b7b08c541dd849ce4a8281b8cd7b4ef3f6e24479df9f3c6adbb0561c59a915f8b02a857b9146f68811193c7a714da92e8b452e54c6fdf170659504dfce62a3591cf3076eaf4ddb026a99c3e064d8546b7edf639346ef640a62d93daf092ede1b4c7c217d32f853240485dda371e68edb2b2d13964596c86f12562cc0c83829191d5cfbac6a4edb8a6bf769c4f7a5a9bbec1366ad6fd5c02fac756e0be84b576daf4ad476071101fc0c04238a7745c024a1180255dfc46255e620042a5efea79277ab54165bd907d9a5af1c6b64c5b2ca720d0c0a51a5a8e1c5490d6c435ba4cf68a6e248d7fb0ca1c60e8c7b74af5d0c39b9757751bd4f8b02d90f089fcd90f0b65d2e5296a9fe5051a7f0766b8f6df982089243367015098eda5af43c13ed147800a64a1d11d0aa09bbf97a29f7e8a0ac92d9df75264c26fbf8c47852ebce6d18a374b8fb9f9fb48fb0da33f096a03b3861a0a285443effd69c328c2fc6748ef72c16e95ec792fab5bb6066fdd493f347314b8ba31d1dba979e5b3b1738519b3f3106899df056a7eeb021a690f4497946b725c1a32ebc890aec17ef349ad2aabd757cbedb891fd00224376c499388def21d3374cc95585f893050541ec07eaf4f41311ba75b200988960da7727a31e750511e1c90679c1943a60a46b939d6b793cb38f1f48fea7f3339fde6de339c5ead7321a71ba47e522b5d1242c194e7ec4bbd20adb9bbda5bcaf215745142fbc5354bc26989eb2e5d532279ec089ce0fff83011cf114591788fad8fd99a9675abcd77f2c8349da921da39b299b2fecad86654130f5d37baffd80f09d3e1e5480033c49a2bfaedfd47d16efb041097c470cfa228e147537712f686a75f60f50da4fae6cd0e5f472b52003a3e78d4f1caf28cbabd95c68bef954b714998cfb80130547a9e7282821dfd43897c1534b871fac18e4fe83c265900bb826eed05c8c77c16d9795f0730cab377c047960a9355a96fe5b56c72b9df8ab5aad6431e9452d53f80ac1fbeb8af115abd56e7dfda891870eba189d67cb62021fb2a8ecaa9cf93c33f64c4bb84924cea3626c0fcb0fbf769852134cbc2492e09f7399998e4beeb1b32b635c99b1df941d603a39ced068355f57a4416ec5ab83936baa468938baa27db035d46728d73e3678721382c6e1ed6b802c9e8238aeb6a296d9d063d2d69e9bdc83128377e21921d594e49f453af465a3499bd0f615f5ac5a23e53aff1e0eebb2dd858c6cbbbe653e282f738ccc5bb950a0dc2400eba84a62832f1d54ba1a51a82a8fd1c06e21c3f9cbd7543b61f6a146a14a6fbf289c5eee773ca475b874e7f1f67d25228f42cb6330c84253f34f284775e19c6012ab8d58329764e33a3634b1931dc307cb39362e9fb706e91ab7360bdbc5ba3071642294730accc46fbf7a1cab0b60e565f0f3b16ac18bdb83335a68ebd87590926fa845f3a6c063c47b6e892cff556d7fbdbc23e47daaf9e75ad05add7ae461fc0e7c69e8337a510f74ba97a75bff7a2a7afab1dfea54f8d887904c31f51f13a260e0194c2d5a5cb5476675107019ba5225573694232b9d869abc556547eb4afcf48aebf42c2371bb96a7ef91c7ca6c7b4d16682ae495176f7f20cb29db6fb6e2e0bb451284d57c26f4aa55f93ccd69c13bae1806127edda0a7df11fca897fa7a8eac9e72986db252adf609684b35b1e3acb71a7e4cdf90a42fec216e8064ba32e74a889c8c3b7452bbdfede51ab68baaabd120c0f1043683f1967f3f3e3ad07176cf9179f95e582aefdaba1396877bc565416df38e79639e7bfb71e5748bc373ac80ea73b3919beb3e5645f00de2ec59090ec691c6dea4c4fb372588b023dffb0c1e332b0d0ba474a18c2d1bd39f91ae5d6ebdb4350e399922ca295496924f51505dd0d727916ac608701b8f3d450e01c9be5cecfc67eef88908ae0f83b6207fe3655fcf85419e49c867747bf4655f33242608aceccb120c7a0472582b1e2e909b15177ce765872a7941634a26fdbe3179969bc8dc483402cabe2e6fc3db6b418942fbdf1089b469d5f9316b7106e3916ff3893f7b64be5a676e78b0f4a533c10d12f7616cd208580a4deb9fe5a0ecb5208b36a53b5fcf82c8ec6daff5f0b8b100446ce899b6c9c7e4eb4f5abb08e1e73c2af00e275b0e0c3926feebccd4619d743f74affe4aafbbd78c0fe0d5ead2c1107401c160acb5e6a222104e4cea22c2be30667ca588d17315afdd949ce95e0894e882b19633a19ac5c3c30e4458bfba9024c6de008e9211b38fcf531e472aa47dc1f5a78aa51ed080be00d36c780120331f42c2db5112b90aa7b5fff1ef1265e4e41a32fd13cdd090957180b288a9677f221de30e1439414f685acede84ca32f1c576965864a728a17eb97cdd235a4877a718a98837da6b646e1d842c7365899d274c25e4636455d1ccee218ad9b0499d8ec1cd5f4bd293e7e3c142153ff7b9a0bbf143b6312a44c9b376db48530c2ce6dfd55f31169556d5ab4f9b0483795e3ba64636df7ef691b526478ab718d488adcd2879e798bc55a6b4550ba587c78365412656d61132d6ff1763173b81b16331ca6e7d01fc7e1a3aa1936d3e6256574b3f36c4b09a5743a19a83f6023f4b64702e58a7340afcfbf41875d11fa02aa137d27ffcad1d78fdd0fd6a74d12b58b74ecf5453f68daf5aa7f1b813f2a3dad55d86669a97a3ce64c80d234c6b35ff663f35554f0e0f32f82a5cadc555339d38f2ebbe00cf14c24ee023ea81a6c6832f0cae0cb0716b5de6465fa6b5fff96063ceda4bbe48a722b5f9876efa8ba3fba2fb0b0bc35c3f8593f3718bd4dff635d59099f451921c6055319787498fb21cc76dddb219c6b45edb8444dab34177d87587e08379883bd74168c2103afb458163e3dc3e55bff5b0e56602f01ccb6761aadc4113fcb331ecb684d1562aec465d26a035093fe2c0d315300a79150fea529c965e9972822f9320bfafa43f373da595d0d873f24400fe4abd912841e7fee4c7f472fc79dfe2e09ef7b37187f1870c746c7b9b83f142709b073728e625c1b62cca1e89e8288884b80d29c904c1c400002cb9a2f67c5d32369a2484fc09310e30426306039f663e3c56acf2d550b4ba694b9d49892f50375af01af400d2096e18b8cf1592664cfe53fb36b0421edc7366665171154338430aed63dea199b6fd85b7ac813369c3b074f4121c7fc047c5861c4c3ef69b141dc57369bef7dd8883969497fe7fcdd9d09f2c7c43e79d4e9d1a1ab4727a7f4e242c8954916a4b138f3b89e4dcc4a9786cf1a92a4d09de79338c6e623964da129ee5e8937fb063405a280bcd062c3d975d4024b28a5c3317dcae3d0a5bfac820ae0d508eee4dabf8d256baa8b95d79fd9caeff7d2caa42a36c28673262f4518ced523eb68c36ddc8cf172026fe53158dd9114629c0c1b3cfed2376f76d6c03eb055fb53af92327df748953cd7a9f42c626d97104f97a8a1492b0a82d7a9872a108a6259cd5e8ca34cddf2a41f373aedcd835b8ef59a5e6184a7edbdbd29ae1971125e3b667ecb86084450db4d455966db412b122083aadc06caa477aedc5a774e715b3ca4fc560ed2f615e077a003d217996db72d143860aa7630129ada249e09c4fa29b43d1bb473f5ed1cb3914bfc4274040b139af84e3b7e5d094dc4c96cdce50837d7fee05d827dc6f58948b0cb9abfba3f18263c56dacb164e8db1bf9253ce3f80f0f114a276f2a95bede473dad493d14f87dcaaa6164f033235ceb45a47e7c2f0da0ca5037e4a9ae8b0d6a30736d7cdb9e05edcdcd798839995a01208c087aadae26878e3f75a5620f7f3e75ea8a5d3783fe0eea735b47561907391dc2e6c44cf6e39a59dfb1a18d4e9beb223213736cad114f0999f1fc2b12f15a48bc405375a904afee4570b34cd2cd15460727df0efabe69608fba7ca457fb8c6017f7966d6710706ad5ee8508f76f5f6dc881e3d7ccaccb836012c0f03ff5bf7298116e34bd80c26f3d191ba1b4cdd05aafdd40a365b295cc2f7fb9d008994cd6d9fd038b268ba599cc2ab3d7ab9eb53e238b98d30b25ca7ab01f605665065445b115d2709148184bb4951fa288575b0a879caa64cbfc0ca79cd8acbb9b706ec7cc3163073ecbc430ab81f16a39c9708dfa0d9a253c0eec19332b59260f135ad2c7c6b2cfcfd0657ca039f741373878e3a05b8b50e109e88f3e05a7f68fb2712257c8ed3bbf4a8e9b3e8a16176f42404191e8485a7f14beda491bfb9ff20b90107ef2455917b80798bed51109adaecf2f09aec7f7be95a6a6472a02385aad58103312d89e986cdafc30dbd7877481dbdb3288b0e0ef37b8e01cf038a4c9b0e4018358d61ece2af32d59c0b8abaaf33c0c2ec9e4712830746b574c9e39f37b2c0045cceed50965548d101eb7a9b347a892680055e74a20123830da70240218b842b6929417ded60589be45de2b2713d68087c9b54964dd587e444d9d7d45428597991b60f75e1a4fe80439ac740418b8d1098f6a9e785ea22d80af2875d7461de3ed1acb846842ded41eb0413d8ab94a2b6cc18a7745896001fe2f801cfc21336215cd29d7678a052f27374360fa470109375bff4f37fb7f08e4abedd2440e900b5eba26f861605dfa20f469c2e1c72d15e972866cb5739bba85901df849e3078a9452b6fa2b28a83460992cdaa4db193a848f6ff7a0f8d897c00564c6d1138cacce8b77c05c6bbeeab6caf8e0fccc514caf79320d8f6dae03fa9bcb4af556f6fa15f42ef309340b0a05aceec4fdd6f34a3fe6992cf13f23fd1a2d01c34cf3ced5e77eb9ebf965cf5d184928bd5fb07b0fdfb30200c181bfcc7fbf8c98dc09bf1e8f7fcdf167458e6efebe46834b910c7372820ba52a03ccab3b53c96d0fa0a9f094643feb8414f99f5df134eddffa9972c0d0bbe2c1cceb26c11cecfbe7f20bc5d1a67e90e9d68a1fef1a4c46f32dab6988d30139da515b3cd7f55ee3f65d1073e880b6b151330d04688b70864462ba86ec4e19c247e05b4d65d17a13422825746e2e42c072a9cef792f2d0c2a93c81b9aff0ec4e0ddbc8bd4758db10f9c4208e8afc06245e45efc61aa8c8f70e8fcf826f0a7a682b6567db3033fa63cb9ddbf80fcead5de3c14a10a6ea04ad50b7b1a61e19035f5058233069aff2d2f687a7f43e59e95696d81d905a3edd7c26114cc2c8311e428184462d90603245fa8bfd4a789e285c41e21151be14f8e45d3894ac40bed6c6833cde93307bb001db8c5df4a66efe2018f1dd7310fa52ac57d106a6bb1a23c82f1c3c59e69868f24948de2199f773fcd3c6fb6bd479ffec992071613686c03039375bbe47a6fea1b07ac75200cd7dad088c79848d7c26bc104142f920e463b878a20d6bf64d3dd49e5ab6f7cedab4b1247031778183ef071d3848a40c49462d97840a5d50e0f4d8707b43f8e5ea6b95422bb547c757fef6e39de8705bc112d8e177762de2f11f39b3ff6e69fa2605a9f48ad9c6cb86e3f433d2e857703cc2dee6fd42da7faef679f7c61bf95a0a22e9b61b47077163649e45c80bf6106c33f16fb8a790a55a36982ed4b80c288bfcd05e8a6316167afb71f5af86fc447778fcbc2b828c4c63186d735f3235811a79504b0688d448993d1cefddce1bd4602b15058c02650b4c44a20a5807f9d5fa4800b56a8015bd680e693743b4a844cb298f300a3fcd55365b64d02c136de5e0d1657e27b074c2223966bc6fcda22b406e297648f0c080799dd42d1ebc8d4c27055f6c821bc0d1d293973c2df5694e943830ae8124e8e4c43e043d5606df03fe1320f7304eb1dbee0662deda01e99433e3066f7bf1e16af6b120ee2ed655b84956afa4ca5ac746de3b67161a755b9a7ee8226fb4b52d51962d4a24b7a5db64e1f319e88483e20565e75f946bf78e1473b9da60e7f18e053f0e872dffd994715ff9ca5f377f8ee426091ee5fcac6e4a58059a1b6567dc381a9a4c2abc5f2769d7971b08e2fc65fc1bb85b699014cb72f78e555769b88e6c43d9c7485793e0411da227b72c49d9c681b0051aa6426c0c45c90ef5a332dda7fc6ecf33284c626fe7d5445114ed2d8f7a210d8ff7729720686f3940335f9143ba3464aa949e81a209adaabaf913a48d7f795097ff453e34203de3a9cc03504c4e091ee6c2b0539c924cf40091bdb06d173005c1988081999580eea38f0962a2f8d12268e528e84240a71559c2108979c0de6024ea7219f4b1ef4ca80c69715c28bd0c2b70208e776dd61c396e24e0cf76750cc4870adee0d65525efabb129b97eb3154abc5d0bba2d0b0b4fafffe97c9830d0a0548e499830ae6ba3d0df8cfc48f0bbe2897cb64a61236eb76c8545cb932c304abc27f59fc67f9a11b5404ee664f04fd51a6824da8e17039c667c7d4c33d0362b1d3a10b4f6b09215642f3227eeaf043852469d58f51591bf1349792ce4e757815d247549600f6b676ea23f1b0e9ed06d2aa609ec36390d7b4d0cc111ca1b242ec7aaba26e15f584249e6cde3d80fb4428dcbb6c9a4397a1f9d906ab359b4059fc7a8aab22329b11ef0696977be0a015e6af94e05bf23e8324ed2df79277288e4650ba0504fbae38dab428553a8e668060ba58e53181fd02f287ff54cb7b4be8864b48a91035341de078d51287b3809f213b337caf86acfe54fa3a9c985c76768073cde2693f4f1e7cdcea095c1fde87ea0e42df86248ca3699cfd830a9ef69ca5563a8109aea82f716f0b5ba755a5dea6a22e08784b197b4cab2c0c65a2bbee47a60b8fdfcd28f9553f572b409e2f4dddfe2065811b560b789e406c1ffe1b3ef8a31ac2abc4df18d18780b3f024e93ad5e11e0ea959ca8a1b81b7495e100a5919ac4b8a34b4246447429da83e3c71ba2a51715dd4634ff08b4a740dfe8da5d82e5cf9f061ae818d845e10e078d3815138ff9fca116db8bd93fa3e9cf1b32c2695943638af6af04b3b76980cf46e734385def2600302d02a2556e814bf09dd5b5ad04478a1615d6eab73cdcd2a846281388b9c2a4cd7c83bbacf7dcc36c992e4bbdaa361e24a71591b04299808e62d9c30a212f88e4824006eecca66911e4a3db24e9fc20d3d6ee6cf5232421cf112e7d00ab8b83dfe075a7fe3c7cc40352c4175ad417b32ff7a28ace364c874db15fda2147e72e6a8b872f521026f2c0ab77f91ef877ae68fbcc6f6bda9869dda7d427e66ec8826c4ab765723d714c8a4eb9cde742c5a75e6ddddf46372c37bdd2bd8aba0fdb32ec4df121da271477920dfa28315a6b9d9b3a3ce96961b71e065387a2925b0d3c21dedd7c1fd3b1a0148a6678842ba03b81f70d2e77f3e46a3c3c994954f53f9dbe995a319edb7a613f33fb14093d698c6b2897e19e34c064f45e2286431304609e4936f6ea5f458abd3e4a7361dab9b931a4dc5fb759830fe01e963ff10e206f9b14a4edf7bb57c1b92464b8dbde1ce58a6206b64abe32de03631611a14a12f240bd2fd20f11b1dbdad0adfdacaefe6fde1fb60a60532097abf53b41102b112a23d1d917dd7b64a1a52b7a824e63c2b8eefea3a563379b13ea06b7a3d6f3587353d0d155023e397408af2ef721a38b688130bbff8c527c316c81ea9419f81af9c471d88b7cc1999f49ea6917774260d106ae4fdf8fec936a2b28c66c836837a93141a7f351e96459819e7391af76fc9de3fb76c7862eb1b840fb84a012ce7a9ee365e733c6b6dc509f4da58b1629c35eab4481920af5cdba6d49da90479b3ea5ef3e48a37824d3e00fc55efafec3e1b56886bb948e54a964bc7dd4cf904b457bda24cf03a6a1dbacbbdd8ee4e9abe2e7c6f3027c729b7646660bf1db9139f864ca8f0324353a50389408e6fc36027841e7e14296f5390273455b7824080bf9cf89581e4a785abfd419c8830980e14ece66e215ba6984e4114f5101577186c813a2b8b5b81edf193384e8324fdbad1b757e546d8076b934fb445bc68d9f5fb03acaa840a3c2b2a272d8f65f6fe83d58c0f0353bb9edf96d9860a52744e302fbd87d54dec72ed7c4ce497578ef8b6ddefc7e1c41974b4e827a92636a47ae3df41f76571350e80b6ece14461dfebc2c787dd129ecc6d5f8b279a4d4b297518a4b0a4b47b245d6799b783f0114a2a31bae95cc9359cbf02757c175972e0a8ba4c1d105008fd16a0132547ba04e4d1cc110146c960abd3a9ef7c37a9d96359001acfc5fede8ba1ebace19972f3ee50d9959570161dc4e60103f2998838ae5a1623eeafa1a3c5a7fe57992a55f00722f2fac70824781fe0f776b73f347807c7757eed81fb4d74cbc04663ae5cac0a4cc497afa38fd9549189ffa8b500004170ffd6e62c06157d5ca54029c4b2d7463a8b1c7793a630c5fe151f9453aaee35c7cb706638e6e956807792ec10ba8b30fb4802667b1888e037a76b55b04c1b8310f9f37b59aba1956c71d8665e90935b0a9929915341a64aa54544ac9960980055f8d93244ec620b105f60f43455e5e76b02bbda2e2b4f319ee6568be4d12a020175ab1f0d149dffd4950b305ee1d7b9793ece0fca9be04ea4eb1e2edf233148a36a180722ed7a60a7791d76e1599c41316c855b4c1a633881aec0ae027c7a44b092ad5397be3d40bdf470ea74acc0a3851004d7515ce77719efec6b13e1a8a25e15e41142d3b502e4ff340cd70a01d84f7233a368e5fe48203424d9620484aa7a6a2afb7a7219c56a6906b205b45148a8435a795104e40041dbc8e29302a86b87309d14e4d7d0f823ed7308823736376591779fdf4f4b200963a82781403bbeebed281653f0650a01a13379da673f1452a818406bf74b1df377b3b3899702befffc40f6b7e6aa98d21047f6def00a51a5f285e4a2e4fc8d51e6f2643da670ff977dfe853e35042486ff73ae723f6a057b00000e771ce83ef4c07564563609423c7e18a040cb990b3becf5de31f51dada7f262ed7c8f7445b3e1c20e535502a24570c03c822e4c7274ba5bb23cfea1214442aebf1e8e0205d5861946b3a8ea79c75102c1fb2a018f9e7e99d1bc032a769dba930c471e8e6e4d6710fecc2dc90613f92cc296feda21e2e5cca478f9baaa32fe5b323080990d801bc2f3c7be3a80cde6cd9b3c22e038b17e8d5759f928bc84e8b325cb0a6f52061708fefc85be2ef45be384584d0703f886731c72f5f12bba461039f1802406e9f97433fb0ef38b5803fc01b9ec00e7e2723db48578a6aaf1eee4383382ca8b3e51c329bcb0847884eb136c951242401e9813d8a52357809d88cfcd62a2932c56184530f7e299feb7bb13b528d20390d5a81d06430f2f8e581b74be0994e97b0bcbcbeb7c85d111a149e7b8474602cb4e24aee2b0589c13065968291a53f2999f1cf63d0bf742b009cbf8ca73688dab87898bdab698b7dd2507e9d23b9b4f0a784326af1c015673ac487694d6ec1a3ae4f40172c7f2f4ca99f9eee61001f553d884ec0db52c4f36f8bfed0adddef564000000000000000000000000000000000000000000000000000000000045584946ba00000045786966000049492a000800000006001201030001000000010000001a01050001000000560000001b010500010000005e000000280103000100000002000000130203000100000001000000698704000100000066000000000000002f190100e80300002f190100e8030000060000900700040000003032313001910700040000000102030000a00700040000003031303001a0030001000000ffff000002a00400010000005802000003a00400010000005802000000000000);

--
-- Índices para tablas volcadas
--

--
-- Indices de la tabla `ejercicios`
--
ALTER TABLE `ejercicios`
  ADD PRIMARY KEY (`id`);

--
-- Indices de la tabla `ejercicios_rutina`
--
ALTER TABLE `ejercicios_rutina`
  ADD PRIMARY KEY (`id`),
  ADD KEY `idEjercicio` (`idEjercicio`),
  ADD KEY `fk_ejercicios_rutina_rutinas` (`idRutina`);

--
-- Indices de la tabla `ejercicio_musculo`
--
ALTER TABLE `ejercicio_musculo`
  ADD PRIMARY KEY (`ejercicio_id`,`musculo_id`),
  ADD KEY `musculo_id` (`musculo_id`);

--
-- Indices de la tabla `musculos`
--
ALTER TABLE `musculos`
  ADD PRIMARY KEY (`id`);

--
-- Indices de la tabla `rutinas`
--
ALTER TABLE `rutinas`
  ADD PRIMARY KEY (`id`),
  ADD KEY `idUsuario` (`idUsuario`);

--
-- Indices de la tabla `usuarios`
--
ALTER TABLE `usuarios`
  ADD PRIMARY KEY (`id`),
  ADD UNIQUE KEY `nombre_usuario` (`nombre_usuario`);

--
-- AUTO_INCREMENT de las tablas volcadas
--

--
-- AUTO_INCREMENT de la tabla `ejercicios`
--
ALTER TABLE `ejercicios`
  MODIFY `id` int(11) NOT NULL AUTO_INCREMENT, AUTO_INCREMENT=76;

--
-- AUTO_INCREMENT de la tabla `ejercicios_rutina`
--
ALTER TABLE `ejercicios_rutina`
  MODIFY `id` int(11) NOT NULL AUTO_INCREMENT, AUTO_INCREMENT=13;

--
-- AUTO_INCREMENT de la tabla `musculos`
--
ALTER TABLE `musculos`
  MODIFY `id` int(11) NOT NULL AUTO_INCREMENT, AUTO_INCREMENT=9;

--
-- AUTO_INCREMENT de la tabla `rutinas`
--
ALTER TABLE `rutinas`
  MODIFY `id` int(11) NOT NULL AUTO_INCREMENT, AUTO_INCREMENT=19;

--
-- AUTO_INCREMENT de la tabla `usuarios`
--
ALTER TABLE `usuarios`
  MODIFY `id` int(11) NOT NULL AUTO_INCREMENT, AUTO_INCREMENT=2;

--
-- Restricciones para tablas volcadas
--

--
-- Filtros para la tabla `ejercicios_rutina`
--
ALTER TABLE `ejercicios_rutina`
  ADD CONSTRAINT `ejercicios_rutina_ibfk_2` FOREIGN KEY (`idEjercicio`) REFERENCES `ejercicios` (`id`),
  ADD CONSTRAINT `fk_ejercicios_rutina_rutinas` FOREIGN KEY (`idRutina`) REFERENCES `rutinas` (`id`) ON DELETE CASCADE;

--
-- Filtros para la tabla `ejercicio_musculo`
--
ALTER TABLE `ejercicio_musculo`
  ADD CONSTRAINT `ejercicio_musculo_ibfk_1` FOREIGN KEY (`ejercicio_id`) REFERENCES `ejercicios` (`id`),
  ADD CONSTRAINT `ejercicio_musculo_ibfk_2` FOREIGN KEY (`musculo_id`) REFERENCES `musculos` (`id`);

--
-- Filtros para la tabla `rutinas`
--
ALTER TABLE `rutinas`
  ADD CONSTRAINT `rutinas_ibfk_1` FOREIGN KEY (`idUsuario`) REFERENCES `usuarios` (`id`) ON DELETE CASCADE ON UPDATE CASCADE;
COMMIT;

/*!40101 SET CHARACTER_SET_CLIENT=@OLD_CHARACTER_SET_CLIENT */;
/*!40101 SET CHARACTER_SET_RESULTS=@OLD_CHARACTER_SET_RESULTS */;
/*!40101 SET COLLATION_CONNECTION=@OLD_COLLATION_CONNECTION */;
