-- phpMyAdmin SQL Dump
-- version 5.2.1
-- https://www.phpmyadmin.net/
--
-- Servidor: 127.0.0.1
-- Tiempo de generación: 29-05-2025 a las 10:33:02
-- Versión del servidor: 10.4.32-MariaDB
-- Versión de PHP: 8.2.12

SET SQL_MODE = "NO_AUTO_VALUE_ON_ZERO";
START TRANSACTION;
SET time_zone = "+00:00";


/*!40101 SET @OLD_CHARACTER_SET_CLIENT=@@CHARACTER_SET_CLIENT */;
/*!40101 SET @OLD_CHARACTER_SET_RESULTS=@@CHARACTER_SET_RESULTS */;
/*!40101 SET @OLD_COLLATION_CONNECTION=@@COLLATION_CONNECTION */;
/*!40101 SET NAMES utf8mb4 */;

--
-- Base de datos: `fitme`
--

-- --------------------------------------------------------

--
-- Estructura de tabla para la tabla `amigos`
--

CREATE TABLE `amigos` (
  `id_usuario1` int(11) NOT NULL,
  `id_usuario2` int(11) NOT NULL,
  `fecha_amistad` datetime NOT NULL DEFAULT current_timestamp()
) ;

--
-- Volcado de datos para la tabla `amigos`
--

INSERT INTO `amigos` (`id_usuario1`, `id_usuario2`, `fecha_amistad`) VALUES
(1, 2, '2025-05-28 09:22:37'),
(1, 3, '2025-05-28 09:50:12'),
(2, 3, '2025-05-28 13:01:04');

-- --------------------------------------------------------

--
-- Estructura de tabla para la tabla `chats`
--

CREATE TABLE `chats` (
  `id` int(11) NOT NULL,
  `user1_id` int(11) NOT NULL,
  `user2_id` int(11) NOT NULL,
  `creado_en` datetime DEFAULT current_timestamp()
) ;

--
-- Volcado de datos para la tabla `chats`
--

INSERT INTO `chats` (`id`, `user1_id`, `user2_id`, `creado_en`) VALUES
(1, 2, 1, '2025-05-28 16:13:47'),
(4, 2, 3, '2025-05-28 16:37:21'),
(5, 1, 3, '2025-05-28 17:25:21');

-- --------------------------------------------------------

--
-- Estructura de tabla para la tabla `ejercicios`
--

CREATE TABLE `ejercicios` (
  `id` int(11) NOT NULL,
  `nombre` varchar(255) NOT NULL,
  `imagen` varchar(255) DEFAULT NULL,
  `video` varchar(255) DEFAULT NULL
) ENGINE=InnoDB DEFAULT CHARSET=utf8mb4 COLLATE=utf8mb4_general_ci;

--
-- Volcado de datos para la tabla `ejercicios`
--

INSERT INTO `ejercicios` (`id`, `nombre`, `imagen`, `video`) VALUES
(11, 'Press Banca', 'http://localhost:4321/uploads/67e53a58d994a-png-clipart-bench-press-exercise-barbell-strength-training-barbell-angle-physical-fitness.png', 'https://www.youtube.com/watch?v=jlFl7WJ1TzI&t=11s&pp=ygULcHJlc3MgYmFuY2E%3D'),
(16, 'Sentadillas', 'sentadillas.jpg', 'https://www.youtube.com/watch?v=aclHkVaku9U'),
(17, 'Flexiones', 'flexiones.jpg', 'https://www.youtube.com/watch?v=IODxDxX7oi4'),
(18, 'Plancha', 'plancha.jpg', 'https://www.youtube.com/watch?v=pSHjTRCQxIw'),
(19, 'Pull-up', 'pull_up.jpg', 'https://www.youtube.com/watch?v=eGo4IYlbE5g'),
(20, 'Press de banca', 'press_banca.jpg', 'https://www.youtube.com/watch?v=rT7DgCr-3pg'),
(21, 'Peso muerto', 'peso_muerto.jpg', 'https://www.youtube.com/watch?v=op9kVnSso6Q'),
(22, 'Curl de bíceps', 'curl_biceps.jpg', 'https://www.youtube.com/watch?v=ykJmrZ5v0Oo'),
(23, 'Tríceps en banco', 'triceps_banco.jpg', 'https://www.youtube.com/watch?v=6kALZikXxLc'),
(24, 'Ab twist', 'ab_twist.jpg', 'https://www.youtube.com/watch?v=wkD8rjkodUI'),
(25, 'Elevaciones de pierna', 'elevaciones_pierna.jpg', 'https://www.youtube.com/watch?v=l4kQd9eWclE'),
(26, 'Mountain climbers', 'mountain_climbers.jpg', 'https://www.youtube.com/watch?v=nmwgirgXLYM'),
(27, 'Zancadas', 'zancadas.jpg', 'https://www.youtube.com/watch?v=QOVaHwm-Q6U'),
(28, 'Abdominales en bicicleta', 'ab_bicicleta.jpg', 'https://www.youtube.com/watch?v=9FGilxCbdz8'),
(29, 'Push Press', 'push_press.jpg', 'https://www.youtube.com/watch?v=LkJUNR9pD9M'),
(30, 'Jump Squats', 'jump_squats.jpg', 'https://www.youtube.com/watch?v=U4s4mEQ5VqU'),
(31, 'Burpees', 'burpees.jpg', 'https://www.youtube.com/watch?v=TU8QYVW0gDU'),
(32, 'Superman', 'superman.jpg', 'https://www.youtube.com/watch?v=z6PJMT2y8GQ'),
(33, 'Russian Twists', 'russian_twists.jpg', 'https://www.youtube.com/watch?v=NeAtimSCxsY'),
(34, 'Elevación de talones', 'elevacion_talones.jpg', 'https://www.youtube.com/watch?v=ROJ1zJzDlP4'),
(35, 'Lifting de hombros', 'lifting_hombros.jpg', 'https://www.youtube.com/watch?v=LIQ9Uxz8tVQ'),
(36, 'Cardio kickboxing', 'cardio_kickboxing.jpg', 'https://www.youtube.com/watch?v=9Z9gJ3oB8tM'),
(37, 'Kettlebell swings', 'kettlebell_swings.jpg', 'https://www.youtube.com/watch?v=YSx8tZLrAJo'),
(38, 'Press militar', 'press_militar.jpg', 'https://www.youtube.com/watch?v=Mq4A0vAQL1s'),
(39, 'Leg Press', 'leg_press.jpg', 'https://www.youtube.com/watch?v=IZxyjW7MPJQ'),
(40, 'Chest Fly', 'chest_fly.jpg', 'chest_fly.mp4'),
(41, 'Lat Pulldown', 'lat_pulldown.jpg', 'lat_pulldown.mp4'),
(42, 'Face Pulls', 'face_pulls.jpg', 'face_pulls.mp4'),
(43, 'Hip Thrusts', 'hip_thrusts.jpg', 'hip_thrusts.mp4'),
(44, 'Sled Push', 'sled_push.jpg', 'sled_push.mp4'),
(45, 'Cable Rows', 'cable_rows.jpg', 'cable_rows.mp4'),
(46, 'Sentadillas', 'sentadillas.jpg', 'sentadillas.mp4'),
(47, 'Flexiones', 'flexiones.jpg', 'flexiones.mp4'),
(48, 'Plancha', 'plancha.jpg', 'plancha.mp4'),
(49, 'Pull-up', 'pull_up.jpg', 'pull_up.mp4'),
(50, 'Press de banca', 'press_banca.jpg', 'press_banca.mp4'),
(51, 'Peso muerto', 'peso_muerto.jpg', 'peso_muerto.mp4'),
(52, 'Curl de bíceps', 'curl_biceps.jpg', 'curl_biceps.mp4'),
(53, 'Tríceps en banco', 'triceps_banco.jpg', 'triceps_banco.mp4'),
(54, 'Ab twist', 'ab_twist.jpg', 'ab_twist.mp4'),
(55, 'Elevaciones de pierna', 'elevaciones_pierna.jpg', 'elevaciones_pierna.mp4'),
(56, 'Mountain climbers', 'mountain_climbers.jpg', 'mountain_climbers.mp4'),
(57, 'Zancadas', 'zancadas.jpg', 'zancadas.mp4'),
(58, 'Abdominales en bicicleta', 'ab_bicicleta.jpg', 'ab_bicicleta.mp4'),
(59, 'Push Press', 'push_press.jpg', 'push_press.mp4'),
(60, 'Jump Squats', 'jump_squats.jpg', 'jump_squats.mp4'),
(61, 'Burpees', 'burpees.jpg', 'burpees.mp4'),
(62, 'Superman', 'superman.jpg', 'superman.mp4'),
(63, 'Russian Twists', 'russian_twists.jpg', 'russian_twists.mp4'),
(64, 'Elevación de talones', 'elevacion_talones.jpg', 'elevacion_talones.mp4'),
(65, 'Lifting de hombros', 'lifting_hombros.jpg', 'lifting_hombros.mp4'),
(66, 'Cardio kickboxing', 'cardio_kickboxing.jpg', 'cardio_kickboxing.mp4'),
(67, 'Kettlebell swings', 'kettlebell_swings.jpg', 'kettlebell_swings.mp4'),
(68, 'Press militar', 'press_militar.jpg', 'press_militar.mp4'),
(69, 'Leg Press', 'leg_press.jpg', 'leg_press.mp4'),
(70, 'Chest Fly', 'chest_fly.jpg', 'chest_fly.mp4'),
(71, 'Lat Pulldown', 'lat_pulldown.jpg', 'lat_pulldown.mp4'),
(72, 'Face Pulls', 'face_pulls.jpg', 'face_pulls.mp4'),
(73, 'Hip Thrusts', 'hip_thrusts.jpg', 'hip_thrusts.mp4'),
(74, 'Sled Push', 'sled_push.jpg', 'sled_push.mp4'),
(75, 'Cable Rows', 'cable_rows.jpg', 'cable_rows.mp4');

-- --------------------------------------------------------

--
-- Estructura de tabla para la tabla `ejercicios_rutina`
--

CREATE TABLE `ejercicios_rutina` (
  `id` int(11) NOT NULL,
  `idRutina` int(11) DEFAULT NULL,
  `dia_semana` enum('Lunes','Martes','Miercoles','Jueves','Viernes','Sábado','Domingo') NOT NULL,
  `idEjercicio` int(11) DEFAULT NULL,
  `series` int(11) NOT NULL,
  `repeticionesInicio` int(11) NOT NULL DEFAULT 10,
  `repeticionesFin` int(11) NOT NULL DEFAULT 12,
  `peso` float DEFAULT NULL
) ENGINE=InnoDB DEFAULT CHARSET=utf8mb4 COLLATE=utf8mb4_general_ci;

--
-- Volcado de datos para la tabla `ejercicios_rutina`
--

INSERT INTO `ejercicios_rutina` (`id`, `idRutina`, `dia_semana`, `idEjercicio`, `series`, `repeticionesInicio`, `repeticionesFin`, `peso`) VALUES
(9, 15, 'Lunes', 11, 3, 10, 15, 60),
(10, 15, 'Miercoles', 21, 5, 3, 5, 200),
(11, 15, 'Viernes', 16, 5, 3, 5, 180),
(14, 20, 'Martes', 11, 3, 23, 3, 33);

-- --------------------------------------------------------

--
-- Estructura de tabla para la tabla `ejercicio_musculo`
--

CREATE TABLE `ejercicio_musculo` (
  `ejercicio_id` int(11) NOT NULL,
  `musculo_id` int(11) NOT NULL
) ENGINE=InnoDB DEFAULT CHARSET=utf8mb4 COLLATE=utf8mb4_general_ci;

--
-- Volcado de datos para la tabla `ejercicio_musculo`
--

INSERT INTO `ejercicio_musculo` (`ejercicio_id`, `musculo_id`) VALUES
(11, 1),
(11, 2),
(11, 8),
(16, 5),
(17, 1),
(18, 1),
(18, 8),
(19, 3),
(19, 4),
(20, 1),
(20, 8),
(21, 5),
(21, 6),
(22, 4),
(23, 2),
(23, 8),
(24, 1),
(25, 1),
(25, 6),
(26, 1),
(26, 7),
(27, 5),
(27, 6),
(28, 1),
(29, 8),
(30, 5),
(30, 6),
(31, 5),
(31, 7),
(32, 3),
(33, 1),
(34, 6),
(35, 8),
(36, 1),
(37, 6),
(37, 7),
(38, 8);

-- --------------------------------------------------------

--
-- Estructura de tabla para la tabla `mensajes`
--

CREATE TABLE `mensajes` (
  `id` int(11) NOT NULL,
  `chat_id` int(11) NOT NULL,
  `emisor_id` int(11) NOT NULL,
  `mensaje` text NOT NULL,
  `enviado_en` datetime DEFAULT current_timestamp()
) ENGINE=InnoDB DEFAULT CHARSET=utf8mb4 COLLATE=utf8mb4_general_ci;

--
-- Volcado de datos para la tabla `mensajes`
--

INSERT INTO `mensajes` (`id`, `chat_id`, `emisor_id`, `mensaje`, `enviado_en`) VALUES
(1, 1, 2, 'Hola', '2025-05-28 16:56:43'),
(2, 1, 1, 'Hola', '2025-05-28 17:03:35'),
(3, 1, 2, 'Hola', '2025-05-28 17:06:02'),
(4, 1, 2, 'Que tal?', '2025-05-28 17:18:49'),
(5, 1, 2, 'aaaaaaaaaaaaaaaaaaaaaaaaaaaaaaaaaaaaaaaaaa', '2025-05-28 17:19:22'),
(6, 1, 1, 'Servelet', '2025-05-28 17:20:42'),
(7, 5, 1, 'Enga e', '2025-05-28 17:25:24'),
(8, 5, 3, 'David cacho de gordo', '2025-05-28 17:26:20');

-- --------------------------------------------------------

--
-- Estructura de tabla para la tabla `musculos`
--

CREATE TABLE `musculos` (
  `id` int(11) NOT NULL,
  `nombre` varchar(255) NOT NULL
) ENGINE=InnoDB DEFAULT CHARSET=utf8mb4 COLLATE=utf8mb4_general_ci;

--
-- Volcado de datos para la tabla `musculos`
--

INSERT INTO `musculos` (`id`, `nombre`) VALUES
(1, 'Pecho'),
(2, 'Tríceps'),
(3, 'Espalda'),
(4, 'Bíceps'),
(5, 'Cuádriceps'),
(6, 'Glúteos'),
(7, 'Isquiotibiales'),
(8, 'Hombros');

-- --------------------------------------------------------

--
-- Estructura de tabla para la tabla `rutinas`
--

CREATE TABLE `rutinas` (
  `id` int(11) NOT NULL,
  `idUsuario` int(11) DEFAULT NULL,
  `nombre` varchar(255) DEFAULT NULL,
  `dias` varchar(255) DEFAULT NULL,
  `privacidad` enum('privado','publico') NOT NULL DEFAULT 'privado'
) ENGINE=InnoDB DEFAULT CHARSET=utf8mb4 COLLATE=utf8mb4_general_ci;

--
-- Volcado de datos para la tabla `rutinas`
--

INSERT INTO `rutinas` (`id`, `idUsuario`, `nombre`, `dias`, `privacidad`) VALUES
(15, 1, 'Rutina Fitme', 'Lunes,Miércoles,Viernes', 'privado'),
(20, 1, 'R', 'Lunes,Martes,Miércoles,Jueves,Viernes,Sábado,Domingo', 'privado'),
(21, 3, 'Rutina', 'Lunes,Miércoles,Viernes', 'privado');

-- --------------------------------------------------------

--
-- Estructura de tabla para la tabla `solicitudes_amistad`
--

CREATE TABLE `solicitudes_amistad` (
  `id` int(11) NOT NULL,
  `id_remitente` int(11) NOT NULL,
  `id_destinatario` int(11) NOT NULL,
  `estado` enum('Pendiente','Aceptada','Rechazada') NOT NULL DEFAULT 'Pendiente',
  `fecha_solicitud` datetime NOT NULL DEFAULT current_timestamp(),
  `fecha_respuesta` datetime DEFAULT NULL
) ;

--
-- Volcado de datos para la tabla `solicitudes_amistad`
--

INSERT INTO `solicitudes_amistad` (`id`, `id_remitente`, `id_destinatario`, `estado`, `fecha_solicitud`, `fecha_respuesta`) VALUES
(2, 2, 1, 'Aceptada', '2025-05-28 09:22:24', '2025-05-28 09:22:37'),
(3, 3, 1, 'Aceptada', '2025-05-28 09:49:38', '2025-05-28 09:50:12'),
(4, 3, 2, 'Aceptada', '2025-05-28 09:49:47', '2025-05-28 13:01:04');

--
-- Disparadores `solicitudes_amistad`
--
DELIMITER $$
CREATE TRIGGER `insertar_amigos_tras_aceptar` AFTER UPDATE ON `solicitudes_amistad` FOR EACH ROW BEGIN
  -- Solo si el estado cambió a 'Aceptada'
  IF NEW.estado = 'Aceptada' AND OLD.estado <> 'Aceptada' THEN
    -- Insertar la relación de amistad (id_remitente < id_destinatario para evitar duplicados)
    IF NEW.id_remitente < NEW.id_destinatario THEN
      INSERT IGNORE INTO amigos (id_usuario1, id_usuario2, fecha_amistad)
      VALUES (NEW.id_remitente, NEW.id_destinatario, NOW());
    ELSE
      INSERT IGNORE INTO amigos (id_usuario1, id_usuario2, fecha_amistad)
      VALUES (NEW.id_destinatario, NEW.id_remitente, NOW());
    END IF;
  END IF;
END
$$
DELIMITER ;

-- --------------------------------------------------------

--
-- Estructura de tabla para la tabla `usuarios`
--

CREATE TABLE `usuarios` (
  `id` int(11) NOT NULL,
  `nombre_usuario` varchar(50) NOT NULL,
  `contrasena` varchar(255) NOT NULL,
  `nombre` varchar(100) NOT NULL,
  `sexo` enum('Hombre','Mujer','Otro') NOT NULL,
  `fecha_nacimiento` date NOT NULL,
  `experiencia` enum('Principiante','Intermedio','Avanzado') NOT NULL,
  `altura` float NOT NULL,
  `peso` float NOT NULL,
  `fecha_registro` timestamp NOT NULL DEFAULT current_timestamp(),
  `email` varchar(100) NOT NULL,
  `foto_perfil` mediumblob DEFAULT NULL
) ENGINE=InnoDB DEFAULT CHARSET=utf8mb4 COLLATE=utf8mb4_general_ci;

--
-- Volcado de datos para la tabla `usuarios`
--

INSERT INTO `usuarios` (`id`, `nombre_usuario`, `contrasena`, `nombre`, `sexo`, `fecha_nacimiento`, `experiencia`, `altura`, `peso`, `fecha_registro`, `email`, `foto_perfil`) VALUES
(1, 'carmonaa0116', '$2y$10$ls2CfjNhn2Rjea2ouwlOvOQRAseSM3W/Tb9nTI0Q1hqnHRpq.wQsm', 'Alejandro Carmona Rodero', '', '2002-01-16', 'Avanzado', 186, 40, '2025-04-22 07:37:35', 'carmonaa0116@gmail.com', 0xffd8ffe000104a46494600010101004800480000ffe202a04943435f50524f46494c45000101000002906c636d73043000006d6e74725247422058595a2007de0003000d00100038002d616373704150504c0000000000000000000000000000000000000000000000000000f6d6000100000000d32d6c636d7300000000000000000000000000000000000000000000000000000000000000000000000000000000000000000000000b64657363000001080000003863707274000001400000004e77747074000001900000001463686164000001a40000002c7258595a000001d0000000146258595a000001e4000000146758595a000001f800000014725452430000020c00000020675452430000022c00000020625452430000024c000000206368726d0000026c000000246d6c756300000000000000010000000c656e55530000001c0000001c00730052004700420020006200750069006c0074002d0069006e00006d6c756300000000000000010000000c656e5553000000320000001c004e006f00200063006f0070007900720069006700680074002c002000750073006500200066007200650065006c00790000000058595a20000000000000f6d6000100000000d32d736633320000000000010c4a000005e3fffff32a0000079b0000fd87fffffba2fffffda3000003d80000c09458595a200000000000006f94000038ee0000039058595a20000000000000249d00000f830000b6be58595a2000000000000062a50000b790000018de706172610000000000030000000266660000f2a700000d59000013d000000a5b706172610000000000030000000266660000f2a700000d59000013d000000a5b706172610000000000030000000266660000f2a700000d59000013d000000a5b6368726d00000000000300000000a3d70000547b00004ccd0000999a0000266600000f5cffdb0043000503040404030504040405050506070c08070707070f0b0b090c110f1212110f111113161c1713141a1511111821181a1d1d1f1f1f13172224221e241c1e1f1effdb0043010505050706070e08080e1e1411141e1e1e1e1e1e1e1e1e1e1e1e1e1e1e1e1e1e1e1e1e1e1e1e1e1e1e1e1e1e1e1e1e1e1e1e1e1e1e1e1e1e1e1e1e1e1e1e1e1effc00011080080008003012200021101031101ffc4001c0000010403010000000000000000000000040305060701020800ffc4003a1000020103020404040306050500000000010203000411052106123161071341512232718108149115234282a1c124d1e1f0f116345272c2ffc4001a010001050100000000000000000000000001000203040506ffc4002511000300020203000104030000000000000001020311042112133105142232415161b1ffda000c03010002110311003f00b262345c677143469ef44c6a462a225088f7a5d57348c428a88539019e11f6af79631d28844ed5e902471b48ec151412cc7a003d68e8008d16d4934633e9b5539e3478df69a1db0d3b85248ae6f247e57bac65635c658a0f53d064ed9cedb573feb1e29f1cdfb14ffa8afade10e5c25bca537f7661bb1fa9fa629a3b4cede95022191fe1503249d80a48aa18fcc0ca5319e6ced8f7cd7055df17714ddb1377c45abcb90767bc91b3e9ef4dd06a1a946485d4aee25e52a42ccc32bedd7a76a023bfd1ede5731c72a3b8192a18730dc8e9d7a83fa56e61ed5c0ebab6a4d782f5754bd4ba420fe644cdce0fa1c839abdbf0ff00e33cf25dc3c29c6976d334ae12cb51948ca93d1253ea09e8e7df07de908bfcc3dab061a3cc5dab062ed44401e4f6af79547795dabde576a5a10846b4ba2527129145c4334b423c8b44c42b089da9645c629c01688671541fe2bbc4ad6385de0e15d164481ef6d3ceb89d482e10b32f2018c0ce3afb55c7c73c410709f066a9c4370d081656ecf1acb9e5790ec8871beec40dbdeb80b8af5cd538ab88aef59d56e1ee6faf26e6763d06760aa3d140d80f40283120092e27beb89aeef6696691cf33bb1c96635ab440ec7e6f603a53be95a5bcf1c502ae5ddcbb637207402adfe12f0bad059c571a92169a4192847cb9ed55f26798fa5bc3c6bcbf0a21ec2e4a8291b9f718ebdeb12595d44a3cd85d01f718aeb4d3382f4ab68d634b18df97a065cd117dc0ba45f4061b9b04c631f0a818aaef9abfc1697e35ebe9c82124f37cb50c436dca075a550a9426e1585c464729c7cc3d8d7505f785da1bf2b8b539e8e40df076c8f6ff009a81f10f82733477179a24ecca09f2e2900cb81d5811b609e952472e2be90df0324f6bb2c3fc2f788f2710e9c784b5ab879b52b38cbda4ce72d3403aab1f564d867d463daaf1282b84381ee2eb853c4cd265b90d6b2dadf4626ce47202406cfd89aef6080e797e5cedf4ab72d3451a969f60c63ac7276a2bcbed5a98fb53b4346f8d2898971588d28a892904da25a5d5327a57a24c515147922900a5bf184658fc24811246459755855d47f180ae403f700fdab90b4d857e391d199c30f2c0f7ef5d89f8c6b777f0e34c01b118d5159f7ebfbb7c5727db22432a6547cdd075fa5476f4490b65a1e0ff000c8646d46ee3f3a6e70557db7ce4fd3afdaaefd32d088d6429d0ec5875a88f865a74d65c3f03dc4063675e6c1ea33d2a7d1dc59dbc68279e24e6e8198027e95916dddecdfc4963c6919f2a2c0e818f6da96489491b29fbd6626b4b85e68674707d8e68db48012393040f5a8a93459c749ae81dacbcc85d1500f33e12dcd8c03b13fa669592c916055c1181cb81b538a46fd17158789c12586ded4d7d056b6722fe26f4a1a7788105d411605d5a090e07cccac54ff6aec7d0609a2d0ec23b93cd32dac4243eedc833fd6a8ef18f47b5d63c42e12d3e584486e67f28ae32597cc43cbf4d8e7b66ba1cc63d06de95b3c47bc68e779cbc72b0431d6a53b51653b56a52ac94f637449da8a8a3ed58893a515125209e8e3a2ede3dfa56228e8cb78a881b2a1fc4d69e9c49c2b070d69f242daaadc2dcac6f2052502b640f5c9c8dbf5c5734786ba0fed1e3bb3b7ba83e0b62669118742bb0047d6ba7f88ad0699e216b7aade65dd923311c0279083855cf71501e06e1e78b8db5cd5a6b6301998145249c736188cfaee715999390dba4cdd9e04c4e3a97bde9bffa3ef11a5f43a33269c99b87d948c7c27df7aabf53e1150cf7bc49c5d2dbce132c430e64ec49e957dc36d1cd6adce8304e14d46f54e0ad1ae5e59a4855da589a270e39872b0c1d8f43bf51bd56c797c7a2c65c3e6523a6e97716edfb4f8778cef27b58dcabb907008ea08077c7aed57b78773eaf358a1d4a78a6240292467671ef51eb2e188347e1a6e1dd3b9bf2b2dc1b876918bb33f4c92d9c63d3a54a7871069fe45b4785880c0036028e6bf2fe21e3e073f568f71a713ea5a12ba5a5a8b8941ca29fe3dba55703c4ce3fe779b51e1b960810e7260750a3ea7634f1e3570c6a5ae5c7e634fba96de408104ca5b11907b1c8073d7b519c29a1ebba6dae8964925c5fc3c8c352333978f989f87cbe62588030a7277c676de9d8dccc6de88f34dbbd2da01f0eb558f8e3c78d1b525888834ed165b9e4ce44737318ff00fa35d0c52ab8f09b87ed748e3be21f2615529636d1823d033c8e47ea7fa559ec95a7c74bd6bc7e189ca75ed7e5f414a76ad0a514cbdab42b5315c6f8928a897a50f0374a3a0c1a43822de3cd38dbc400de86b7c0a3a2231446106f147461733d9dd8e64e6c2975f465395cf6c13fa543d92449e6f33cb2fd498d4aaf4f419ab9754b18753b092ce5d83e0ab633ca474354e4d35a5c5f5d0d3eec5ddbabb46932215425763cbb9c8c83bfad65733139af35f19bdc0e4abc6b1bfa832d5b11f2e72797a515f9373116762df6c0148d841cc8ae54738c0ce3dbfd9a2351b930c3f301b6f93d2a926be1a2baec6abe8eced88f39f76e801dcd036c165bd8fc846503a2e3a0a67d6752b64779e3733dc86c07ebcb8f40286d178aee2def50ddca8f9cf58c2023b1f6fafeb527aef5bd0bf518d3fa4f4c4eb79c9f23328233fc54e16d0fe5e128d185e84728a86371543ad5d4b6d1f340634c44ed81f1f5fb0a9a69f726ef4b89d8e4e3a9eb4da9d74c5ec56b69920e1cd2a0b55975055fdfde2a990fb85cf2ff00434e852898a209046aa3002003f4ad596b771cf8ca9393c94eedd3052b5a3276a258014931a78c19221834542c4546757e27b2b0cc56ead7971ff8467e15fab547753e2fd7110b2b416f938e589338efccd4dd92a964cf8bb8ef87b846d1a6d5ef312019104439a43f6f4fbd54d7df890bfbc9e54e19e1489a084664babd9db9231eedca001f4c93507e3eb56d5a791aeae0cade761d8be4b03ea7bd6da45bdac5a33d8c96d1a5a84f33936182a4636f51b83bd37c98e58d13f97c50e2dd7787ae21bf7b3b0f323f3196d2268df93a7292589c1cee363e95a7024325bf03e8f721997cc8cc8dbf4e7666fef517e1fb137516a4ce40536e919c7a920b67fad591e1dc31ddf875a52edfbbb710b8c747425587ea2a87369a48d2fc7c2dd0fb6ee9e423975071827a6699b8a607b9b78cc0579db6e56c93ee36fad271dc7ecdbc167307e471989cf4fa1ef4a5edf45cf12f37ef33b2fa1fd2a84a7e49a342ebf6b4c8a5870ddc248d71a9d9f9de71e6cc327301d8838229c5b40d09d1165b3bc4f2d4850ab20fd4608a924c6fee34d32e9e8be62eea180ebfdea2cbc4fc456f7e2d65d2e2918b050814f315f523bd4d3555fd8e8f44caf2901bce198239bf37a47e6e567954364eca3db700e3b6f567f08d84822b5b39398c8ef96ec3fe2a3ff9cb9b4d212e350b64b79a6600441be5cfbd2f6fc5579697e97b64b11089cac928cf367a8db718c75a744d65a49fc2ae7c9189538eb65c0f81b50ee77a8de91c75a45f623ba12595c01f12b8e65fa861e9f6a90c334173089ada68e68cf46460456d6ce7da684df269365a218524d48052314b1dc5c3c51af978c3af38c1dc6f81f5a463b68efe5bb865dcc6ea037afbd6f7c91dade45709ccbfba206dd7a6dfd696d0a32277958e5e56c9daa32c904e32b39224be72b9c5c2baede98a07457b7beb7b878b0d1948e2240eb96ff4ff005a9cf1b69e64b56915410df36dd6ab2f0a2daf26e16bfba55e548b5131c6c7f88a824e3e9914024fb84a1c69ee5829324b2f311d99b19fb62a43e165f8b3d6eff85ee5b0b37f8cb3c9fe59147dc2b7f31a64e1b1244a8de4b2075c15fe1276f8bfad635940353b79f4fbbb74d6acd4dcc71090070b9c64af5e46dc67bd41c8c7ec8d13f1b2faf26cb178a7434bfb5688e41ea8c3aa9f71555ebc358d0af927bd491e08db2658973918f6f43fec55c5c27acdb71168d0ddaa72c8cb8910f556f51fad29a8d844c8e1e31246c30430076f63ef59515e0cd6b859115ee8dc5968543bcff0b8cf3039e6dba6053e7edbd3e4b7324723138ca7b83d8536eabe1870cea52f9966f7963231cb0b59485cff00ea687bcf0eb86b84b40bfd6b54d5758ba86084c8d0b5c08d5f0365f84677381d6a7778df640a72cf405ae6aefc477a6ca09982451b3338d8923a2fdc673f4ef4ae92bf98d2e22d8c2e51ba6de9b9f4a03c37d3e68b42b66bb60970621338ce00662491df0081efb53bc302dacef0a9055a42c5719f2d8fae3db35a58a14cf465e5a755d9b0b7669bcce601b948520f6da9cad2f6eec585cda5c3c0e3e6653b1fafa1fbd217b162d072b12c0e725b2df53ed482397d2e50a30d210bf7240a908cb4786b8821d5ad9565644b900640380df4ff002a776aa96f6e25586e23b44c3c0c1030eab82a76f5ab3745bcfcf69c92b1fde0003f738ebf7a7a64553a2aed66c84b6279403cb91914d7a24dc92a2be72bf0b7d4548998aca165520312067fa530ea36eb63aa2b28223946698c9878d52d85cd83c64649191500d274e3a65e5cda5a4b2436f2486436f9cc458f56e53d09c558f66e24b75e6dc014c3ac5804ba132aec4d10025dd8deb6998b19d6d9c8d9c460907b641a8449a05bf0b5fd9f1aceb737053ccb6d6db98b3cb138c79873d4a1e57c7b2d5a1607961e56e9ef4a4d656d3c73c1346b2c13a959108d883b1148403c2f71158eb924ba7deacd6d315f3003f2b11907f986fdfad5a11c6d3c21c00d91f7aa37812c134ed62ff872e6465bad3a21f9599b7f3ec89263c8f5319ca7e9ef56d70e5e6ad61a4db5dead045269d3ca228aee32475385254fc414918f5fd2a867e26df9497f0f2f494d0ff6f64c0648005561e2287e24e2383462c7f65d9c8b24ea3a4ae0e429edfdb3ef53be2fe2516110b0b670d7336c9fe64fb5442de248a1333951fc4d23fa9f538f5aaf830abbff0048b19b3388dbfafe0a69f12a5b72b05e64631c832177c6c714dd08591ce6d5e1790e648f2080d9dc730ea3ae296d13536d42faf6486c40b5e4c19a66cbc87a7ca3603a0a70fcb80a8401907735ac968c836892186d1e1680f248b8c0c0db14d1a659b8be86273940e1b1f4a91491734436f4c521a5c1fe3cc871f0d1d006cd102cf77aa3364afe6c8fb8183532e199bcbbe684ec9246001dfd2a1fc0dc8f0ea6f281ff007ce067dea4839a2b8578fe61c8c31d980a286d1fffd9),
(2, 'carmonac14', '$2y$10$uLa8NRXGHYbauCrQ9KEIL.bHAOrq3katUVYZ9bXO9ypim5DNpDxBO', 'Carlos Joaquín Carmona Rodero', '', '1998-12-17', 'Principiante', 180, 90, '2025-04-25 06:25:37', 'carmonac14@gmail.com', 0xffd8ffe000104a46494600010101004800480000ffe202a04943435f50524f46494c45000101000002906c636d73043000006d6e74725247422058595a2007df000100070010000b0005616373704150504c0000000000000000000000000000000000000000000000000000f6d6000100000000d32d6c636d7300000000000000000000000000000000000000000000000000000000000000000000000000000000000000000000000b64657363000001080000003863707274000001400000004e77747074000001900000001463686164000001a40000002c7258595a000001d0000000146258595a000001e4000000146758595a000001f800000014725452430000020c00000020675452430000022c00000020625452430000024c000000206368726d0000026c000000246d6c756300000000000000010000000c656e55530000001c0000001c00730052004700420020006200750069006c0074002d0069006e00006d6c756300000000000000010000000c656e5553000000320000001c004e006f00200063006f0070007900720069006700680074002c002000750073006500200066007200650065006c00790000000058595a20000000000000f6d6000100000000d32d736633320000000000010c4a000005e3fffff32a0000079b0000fd87fffffba2fffffda3000003d80000c09458595a200000000000006f94000038ee0000039058595a20000000000000249d00000f830000b6be58595a2000000000000062a50000b790000018de706172610000000000030000000266660000f2a700000d59000013d000000a5b706172610000000000030000000266660000f2a700000d59000013d000000a5b706172610000000000030000000266660000f2a700000d59000013d000000a5b6368726d00000000000300000000a3d70000547b00004ccd0000999a0000266600000f5cffdb004300080606070605080707070909080a0c140d0c0b0b0c1912130f141d1a1f1e1d1a1c1c20242e2720222c231c1c2837292c30313434341f27393d38323c2e333432ffdb0043010909090c0b0c180d0d1832211c213232323232323232323232323232323232323232323232323232323232323232323232323232323232323232323232323232ffc00011080080008003012200021101031101ffc4001c0000010501010100000000000000000000020304050607000108ffc4003a100002010302050203060404070000000001020300041105210612314151136107227114153291a1c181b1d1f02433e1f1424352536272b2ffc400190100030101010000000000000000000000000102040305ffc4001f1100030002030003010000000000000000000102112103123104132232ffda000c03010002110311003f009044a72a9428b4ba8ab11e05af71478af714c00c57628f15d8a040e2bb149dcdddad947ea5d5c450a7991c2ffbd55ef3e21e9904856dade7b95071ea0c2293ed9dff004a3005b715dcb559b0e36b6bc0cef61750c6bd5b66fd3afe553d67a8d9ea285ed2e63980ea14ee3ea3a8a07817e5af31475d8a620315e6294e5af39680132b40cb4be28185200516960281052a05007015d8a2c57629e001c553b89f8c8d8c86c34b025bbce1e4c6563f61e4ff002a91e22d7a1b686eaca194fda1612d214eb183b01ffb1ede3ad66d07f87d26568f3f689ce15bfed463a9c9f3b6f4b252433bbb8b996eda4bdb86babb6ebcc79b1e7e9fc2922cdea0531fc99c6002057b6f7d1d9a9758d5981d9c8dc9fdb1fbd74da9c975234888a0052b97c6d9eb55b06394d4e440d6dcef1c47fe05c363f3e95336f27ddd6d0cd080b2751321c60f8fafb671551556670400c7c20cfe953d6b2bb5a38ba917900c0f94065dfc77153490e596dd3f8ee58e748b5280344dff003a2182bf55fe95778658ee2149627578dc65594e41158a7a960b20e72efca7f093fbf6a99d0b8c61d1ae4c1e9b8b467ff2c1c8f7237d8fb0a109a355c576286dae22bbb58ae2060f14aa195bc834ae29e09008a022952285852001052c05020a540a101d8a4e72cb048c832e14f28f27b52f8a65aaca21d3276201f9480338c9eb8fd28ad2639db465e218a35d4629e7695a69d159d725a4627a7d093d7daa0afaf7921bcb5e7e758d884df6d8f2e3e9e055cf53b55824bcb88e243208d599baa86e5e6d87b1e9e2aa5a770cfdaaf11eee49042f891881838271510d7aceb49f88ae06f9412324f73da94482e2e08e489dc9dbe55ad6c70568b672c5c96eb21e5ce5f7cfbd59349b082d580863441e02e2b9f27cb52f091d78fe2765d9b31fd2f8475fbe64305918d73f8a4caffad5920f863ad5c15f922271924c4c07e7e6b67b3f989f23c77a7e18a8152b9aab7e0df144eb062d1fc1ed518299648d41ea0374155de2de0abae1758e46c490b8c7a817a1f07debe8e24e37a83e24d3a1d4f46bab599030923237ec71b1fce8fb6a5e5b0e8a963067df0e2fd2eb86fecc092f6ae51b3ff9648c55c45669f0c4b5beaba959b29f9a25941fa363f7ad3715acc6fd008a12295c5030da9081514b014094b014219d8daa2b5e71169caec4604d18dc6dbb54be2a138ae389f437f56ea1b651226249890b9cf4dbcd2afe58e33d960a73eb3025b4e79c3e62e7753d8e7040f7fc3f9534d0e59f55b92fe8954204704601fc3cc7f3151f02c5f79cf6855180452a47423bff003ad5348b5b7d1b84edee923cca22675fe24d707a58344fb921f8975583872d2da171eb5e94c845ec3deab0df10ae6dde379f4c00138cab107fa540eb771ab5e6abf795c412735c372c41bb81d854ce8fa36a7c509736979a6476e2de132473c859399ba05cf4cf5ec7a50b8e5eda2df254eb25b341f88b697b3246e0c449c72b55c9b5f863b6f5a460b1f9af9e750d1f51d0eea137304b1863942c3076ec7fbc1adca4d26df58e10b758494631862e373d33b571e49ead757a3b4354bf686771f13f4cb59fd1782e6463dd1738fad4941c4f67ac5bc8638e48c05cafa981cfb6e0564b0a4f61afc16aba75dbbcedcb1b4df2e0e71b8c1c79eb5a369738bf49aca4b36b79a30436d8c9f20ff7b1a773f9d932d76787e14df87389b53b8982803d1e6383e5b02b49c6f54ef87ba7adad85d4bb16924080e3a2a8c63f326ae600cd6d5e182bd3ce5a0614ae28585048118a59452494b81486762aadc6fa78bfb5d28480b40ba8c29326700ab9e5ff004fe356cc535d42d3edb6335b8203b00518f6704329fcc0a54b28e9c55d6d3666bac5c699aa717dc5b69ca629cdcb456ab1441176f902023ae71dff007ad23488ae5f852d6df508992648b9195d70463a56531697a85a712dc6ad64b037d867f55e333aa491f312318383904919e9d0d6b305e9d4b444bb122bb32156652082ca4a93b7b8cd666f46ba8de48b4b1d3ef79edaea049030e504ee401e0f6a7d1e9d0d9a0114b2b0036cb66aad697a575070c7072455cac8a5c2a92463cd67794f068586b266bc6f3196f16d7979a799f9634c6e4f4ad0f842dee2cf4086d2e8e64847f62b1fd778c261c5d7ba85ac08af1b7a36cd22e4c6ab9191e09dcd5bb8538e35cd4d26f434a7bdf4d72e6360a73e3276eb5d9f1d294ce5f64d5348d39f4e8e7904bea107fe975e607fa5292c51431602ae7ae40aeb392516f17aeaaae5017507214f8cf7a4af1c11cb9fc5b62a5bd138d94ee0db492db86e032e7334924ca3c2b3123f4a9f028c2220091a8545d9540c0007415d8adebc3cfaf7406281a95c50114b22138e97148474e168630b15d8af6ba8023358b0377a6dcc50c3034b2a80c244ff00300390a48df19a6fc250cc9c324b8b748e496431c30c65445be194ee73b8cff1a9bc5069b6a969a3cb0202104f230cfb9cfef5c796525934715b7f9667dab4660d459d73827b79a97e1ed5f989858efca7973e69a712c6cae580f981cef507a2ea315bdd1f50fcc1b994ff005acd53da726b8bc3c33a6d3786c6ad3cb721ee2e0484bc480b8e6fa0abbd86b1656f6a82df43be8426179120e50411d76a2b385af6e4ddc5cb87032315396b673a5cb48656309e91f36c292a6f45beab6cf6c6fe2bc56317aaa50619248d908fcc574ac79c0cf7cd3cb870898f1bd4786f50f3f6e82ae27b5a470e4bc4b67b8aec57b5d5bcc00d030a50d030a910de3a72b4da3a72bd298c315ed782bda00eaf6e1fd2d2a627604fed4c756d43eecd3e5b909ea3aa92ab9c6703bfb52dc445a1d0c4d1112c6f0ab3320efca3e61ec45472cb71a3a7135df6655ab713b4773240e8258b27627047d0d419bb8a4939e16dc7407622a3f5193d4bc91b39dfad3552735310923add36cbe68bc577563849a1678c7743bd5d2cf8e6c1d8293286c630c8739aca743d2afb58be4b7b790a03d58e70056c1a2f0ae9fa4246c79ee2eb6ccb29ce3e83a0ae3c9109e8eb374d6c905965bf40f2a34711dc230c337d7c0a718c0c0146e30c48e99a1ad1c52a67465e4a6eb6795e57b5d56733ca06a3340d484358e9cad348e9d29da98c5450cd32410b4b21e5451926a1f51e23b5b252b1912c98edf845556f3599753993d69885dc7203851b75c7ef5d1437e92e921f6a3af47737bc9329e4cf285072147bd21a1f172470c9a05fc85234466b29a43d63dc843f41d3db03b0cc2cb6feb4a4a4d827ae3bedd8d426a3a6b5d5d201200c173cc7b01fedb0aa78c6095e91faa049ae9e551ca589271d335e69da45ddf5c22244c431c7301b559b45e159f50852ea661c85c2be7cfd6b56e1dd1ecb49b61e944143ece4f9f7ae751a3a4de1956d1f877eeb86311b72cbd4b0f3572b61237297396f34e2ef4e50c1e1c0ee57c7b8a058e4902c709239b6328e918f3ee7c5627c75db0cdbf64b9ca1aacd1809f383f699e6311cf50bcaa7ff00934ad41f1bff0087b4d305a0685a32e2023a8e550c3f96ff005a8cd378e63963517d6ccae366921dc67cf2f51fad6d5c6d4ac185da6d96faea6d697f697e9cf6b711ca3bf29dc7d47514e6a58c1340d466936e94847fffd9),
(3, 'carmonaa1601', '$2y$10$.cjbntAuqVbpm4dNhwzby.8.kRtlk1fgvX2Xa76842yIeYV5Fy4UG', 'Alejandro Carmona Rodero 2', '', '2002-01-16', 'Avanzado', 186, 88, '2025-05-28 07:32:45', 'carmonaa1601@gmail.com', 0xffd8ffe000104a46494600010101004800480000ffdb00430001010101010101010101010101010102020101010103020202020303040403030303040406050404050403030507050506060606060405070707060706060606ffdb00430101010101010103020203060403040606060606060606060606060606060606060606060606060606060606060606060606060606060606060606060606060606ffc00011080080008003011100021101031101ffc4001f00000007010101010100000000000000000405060708090a030b010200ffc400411000010303030203060304080505000000010203040506110007210812133141091422516171233281153342910a1624627282a1c1525392b1e117183463d1ffc4001c0100010501010100000000000000000000030102040506070008ffc400381100010302050008050401030500000000010002030411051221314106132251617191a10781b1d1f01432c1e1f12342521517336392ffda000c03010002110311003f00d5746a8429ada5c8f3233c857916de046b20458a8e8ea1d2fdf5690d282bbbcd493c674d2404d73b2a73287b4afd5bb145c18279046001a6758179b9dfb27569bb234c6520c85f728f9f6a73a33692aa517684eea09dcaf956d8da54a65498ee06d5dbc15271a7fe8aae3d4b745eea48d8aaa4eadfaafe8ffa42acbf6ceedef5d0a3df4da3bd5b716832baed7db49f22fc48f9f7707ffbd4d9e41c639d477d4320d1c54ba5c2b11ab378db71dfc2ac577db6bd232ea69891accdf454071e096aaef5af05b4281cfc5e1997dc3c8f079e343388c2382ad4746313736f71ebfd2947b5ded0ee91b76a5b54da3ee626d6aa48204783b894a551d2e127002242ca99393f358d2b312a27bad9ac7c74512a3a3f8c5337316661e1aff6a69780d4a8ecca8ce3526349652e46911dd0b6dc6c8ca56850e14920f04120ea70d7654afb87200e534e4fc047d75206a98b82e9a40384f23cb9f3d7915ae6928a1fa7e33f07a7901a333290bce70b225769a09240ce9e9ad17280394b0727b78f5d2269bdd03552939c768fa64696d74d3a040dda305738fbf1af5d33ac54cdb19ed01ad5c1061976aaea82d092a5178eaba4680af0529215c174fbd55a6a6ec44d42578885f6e7b979e3515c2e1459602d0ad7f6ff007eed47432cb925397120601c1d0c47675d063ec68a5052aeca3d523a1f8d25252a4f3dc7cb57b0e24d636ce08e082b33bedb9f6c55d1b2752aaf481d25dc4f527749e821ade2de1a17e249b612f20145329aac14a6a0a6d5dce3df9a325494a30e92a6ebb13c76c3ab8b43c9ee5aac0f01358deb6507271e3fd2c8b5af645ed58aa4b9925150a8d72e173de5156adb8ec99531e7ca94a7de79414a52d4be0baa5124a8924eb212d5c21f726e1749a7c1aa7206b45871e4a5eed7f43dbbfb83158f73b566bd1d0e33e2ce577f7c658c778403da549c255900f99ce79d5654629132f6d55c51745aa247588b79e8acaf673d9417848295ddcd3119990b59547455c39f82bf24ab80aefe3ebc1f4d50d457d4541bb4595f458252d2685d7f2ef5653b6dd346f7f4a5412fd875f917b6de53f0aaaedadc1522e474378cad505c39315de7809fc351c77a4f989985e3d8961f276bb4ce47dbbbe8b27d24e86e0b8c464b3b12f0e1cf98e47b85312d4af522f8b7295755bea71ea655582a690fa3b1d65c4929719751fc2e216149527d083e983aea34b510d653b658cdda7f35f25f3f575154e1d56e82516734fe11e078476e43501fbad4c0a28450fc270e72cf1f6d1596ba526e8adca79ff947d73a226a02b847382d9faebc91ce0d45ee43fee1c9f96945937385c0c4481f955f6d7ad7286e372b297d226cbb55ca0c0598e492ca08ed240d5154d4063b55ba8da0b55e5ec06c2d498990d96197948253da9e4faea3c7521eabea9a3556ff00b61d3e55cadb7a4c671084a414ad482068ae7f7aa92cb9d13bbbf3727fedb7616f9dc08ab6e45d10a95ee761d35d208915f95f85050527cd297141c50f5436ad42adab751d23a5b6db7893b056782e12715c4990f04ebe039f6593db7ba1ba3dc973cbbcb756ad26b95daf555fa85c864b854fcd9efba5d7de7179fceb5a94a27cfe23f6d73f92a2add72e3bfaafa5f0cc2a9622d6b5a2c05bc1585edeeceed959229eaa55a9476cd2db4888f3b192eba84e72077119c0f4f97a684c73f4d15e9cad7653b152ae8b2232032b8cda63b4a2a576a121201c7d3eda57c72bca6b8b1a477a7c6daa9c569c43857dca484e00f53f23a4731a06e91a4c82d6523682cb35ba6c9872d0953531a521c6c9f34a938f2d798dcc48ef59cc5c7e9dc085056c5a5bfb47d485476b2a3dc9b3f76e53eedbaebee61b8d5d691dc84b79f492ca4a48f57108f99d687a335b25254981dfb5db781fec2e65d3bc2e2aaa46d5307699a1f169fb1f6ba9baeedf28824233fe5d6f04ab9458844cfd8aaee2025048fe104674febae985ad289a558eb467b98f3fa68ad95c130c7dc9352acc5a49fc3238e4119d184e0ee98e8c95de99b72673890b6d4429407034bd6b504c6e09e1a5ec1c590c25c521401c150ecd7bae6a6186470595be82e894ff00d834c494a54811d3f9bf4d63f117b81d16fd83b2b451d3c526989a8c02961a52b8e4a06a2d3bdd65066198eaad4e991da6e33486d09424363e14a703cb5b8c269e3741723554c4dcaabef6aad7a45bdb73b185c792d512a5be6c47a9958f854f2a9f27dd87dfbbbf1aa2e98c45942cb6d9b5f4d16d7a0b93feaaebef94dbd42a8bfda2ec9a8bc942fc2710be028f1f6d73326f26abe88a200421e0fe78a7a2de71d9d112953c96df69212b513f98797eba42f7816035477b5a1f7e138cdbca80ec32565c0fac25a057ebf2c69e3ac7c76e5104249b14f2b75ca45af4b9359b86642a7438314b9325cc9096996923d56b51c7a68ada573f75e798a38ee4dac8af6a7ac1b76edbd156f59941ae5dd4f852cb33abb444f7c36c83ce5c3f0923e59cfae31a1b9bd4c960350ab6b295b5d4fa73b5d3b1d5d58eabaf6d29fb91692551eefdbeac41ac50e5a0943887e338168ef239c05000fd0fcb5324bc56959b858a740256be9e5d883e8a5cd8b79d2b7276fed1bf692a6843bb2811e706db3fbb7169c3cde3d3b1d0e23fcbadfd2cc2a616c8dd88bae115f4eea1aa7c2edda485fca6905f181f89dfce7529412e0784646332e2005849c9f3c674e01cbc1cdb6a8c29f6744a8a87727cfe434a1cf6a5b35ce4bb876042a7a7c4094a9439035e2e72511b50e7abcc52105829c94f904a75e0d2e4a5cd1a2c41743d5ca853e8b4f6a4a1d88ea23a7f09e0411fcf5535cc04f82d5c7da6ad1df4b55c332a74d4294164a53c6a24116aa054ab84839f75688cfe44ff00db5b9c234a65485566fb5f2c4a9dddd105fb7250fbd75ad99b96877ac06103f78d536504cb4923c87bac890a3fe1d57f49e9ff005385bc722c7d3fcabfe8c55fe93198cf074f5540f7ceee5abb756d50ef1ae3eec955cadb6aa4d2e0214e487c94051ed4804e3271f53faeb937525d6217d13875510d31db64cbd37aeaaeaa594513a7cdf7aad253214972b4ddabe030d9fe1203a5248fae7ebab034d0c31ddcf17eedd59b2aa59640dea881de4dbeaa7a6cb6ff00b7bc54aa7aa252e552ea74cabc65c989363843e941514b8958cf0a4e33c6a1baa6320dac15e45420381be851ff0057d40b3ad58348ae5e8c5c1b9b57adbd1d8b76c87e7bd1e82cadd70f6bb31b641ef09ed24a95f084839d42819356cf97acb04d79ccd21915c8173cedc0bd85cf8a11d186fa6fcd728f5582cf4d542b3e9f40aea6251a910dc45399760252b2e4d4bcb64301a0508484058717df904804eaeeb70ba7a0801865cef3c01ef73fe56720abc42b0bff00530f5318e5cf0493dc036e7f8d2cae7a8159837dd024d2ab34534e7ea94b5335ba5b8ea1e46148ed504ad0485704f3f41a8cca9fd50c8f16710b3788e1afc3dfd635d9997d3fb519f6dedaba364ef8da9b3edf65752b0abef572997529f77bde8350495bb0dd1ce52db8dc77780024a979f33a8b82d4d6d0e3f0b01258f25ae1dda12d3e1b7bad363785745b1ff83d89be5023aca411cb11ff009b7306ca2fcbbb6df100772997214da0a95e1a7b87ae39d75dcad5f1b199c8026a27c50327d34b95a944cf4b8a4dc4dd3bb14a2e157ae391a4c8d4ada87708fe66e7c34345212039dbe6344ea632139d56eb2686bb7b7bd38b58510393c68cc84051db338b95225e3d1554f6ae425544a6ada530a03f0dbf8703d358febdb52db8d96d696a6c2ce5323a52a455a915d80dd4a33ac84ad20950d1216f690ea9e0b55d6c020c667e5e127d7e9ad7e14e1d42a83ba43eedd8d4ddcedacdc9db8acb886a917fd8159a2d4de590128626c37195a893c0ed0e7767d319d16a58d95ae076374f85ee8e56b9bb82162a9d660c5da6d9ddd1aad2e3d62a16aede98719859ef3efd19d5b2e9180492a5b29c6013cf1ceb8fd4011c61a3827eabe9ce8dcf9a424ea481f4518aaf59ea8b796b96cd42b15d95b73b6f1eaee2ee2b4aa54a720d41f86db83b0b2fa54be5d00a4368095b6082a528fe5bcc3e2c25b01120cd278ede68989d2e395d561ec91b1c56d6c039f7eeb6c38e6de6a72f4a102a5625d2dc6ab54254f15161b73dfaa0d06de7d4144214b1ff00111da33e67193c9d65313ea5b58436d94777e70b6b848cb4a011adff008d7d77576d73d8b6c6e759d4e5d510b71f660f8412c3c50b2b09c80143e9838f23a8314ef8240f61b109d240c738b08bf20fe7e051a6dfb461d0e535129b227b31197fb50cb8b57a79f05447a7cb479aaaa653afb056b4d87d36ef17f3d55816cf3c12c46524b99181deb3ce8900b3c1e5653a5d0014e401a78252572ceab43deba5df14d9acaa953e8f060d72def17f116fa1f5f8731209c2421970a4e065581e7a94da7921e90c53b0722faefaeff259c6e234d887c33acc365043887b98fb683b22ecf373869c04fc4ea03ddab193c03aea6d7b7bd7c86e6bcf091ae521f656559579fa8d1459db211ba1eec55869207885447f2d1031224fc9a43ae28289567079c68a2ebc93ef509d714bca940f69ce3e5a2b731dd789b290f1a936d6e2d2db9afc769e69fc10b09048f5d722c21f3baa0b2f65a38e76c91870d92706da5bf6e549b7e134d3649eec81c8d696291cd92c8a5d9d89f9a739fd8dac1f8436079fcb57f4752638ca01dd243742d697b87b63b8d6253aa5fb2675eb61d5e9106ac33fd95f9911c65b778e7e0538957e9a2994d544e8ce97047a853f09ab661f8ac350e6e66b1ed711de1a4123e765911da7b7ea90f6a59b0b706988a35fbb6175cca3dd3465c2f77723545a7d695abc22004152da795c707208e0eb9339b2c70e470ed34d8afb0b1ec3f0f674a5efa037a69da248cee32b8036bf85d2f1ab3694b98a9ca691216db44a4a86707d793a533ca4daf60ace930ea5822b817724d54574fb72e935da954988b4da2d15326aeead61b6a2464af2e3ceb8a384212304a89c6a14e5b116dc6fa052994b2194168d8dcf82b8cdbfae59e76fed26154db9af0a5ddb2416ae0b521093060b09642d12643e169ec6941402548ef2491c60121d1c94b3467b277e37502b23c4df885e3731b95a6f98dafaec06e4e89939d48abd36e86db87e256a90b9aea938580f309eff008339fcc7b7b723d0f1a892c9353b8968cc3dd6884d48e88079ca6c3cb6d7fca9bdb5669ab88fc88721b7e5d282454a1a9452f30a50c80b6cf29c8e47183f5d4ca6ad03b405c8e173de954cf796c7fed76c783f34fd44b0dfabddcc5eaaa847453e3d3a336627867c6f11aef24038c04283809e7394fdb56b5357fa63d79b5881e7717fbae478b74ae9f0cc05d8788c99897d9d7ecd9f6dc72e16d34e52ae756432f9656410a5635531f4b1ce92c0ae54d85a5bb2308d1634e6cad210491cf1adf60d8a3aa40b955d594accb75d57498e0fc7dbe5f09edfa6b60d7660a81c1c344552e96c200c2923b81234406c530137b14975c26d0e9ce30527d34463ae95ff00b5341b5db946c1b3cc5b82424bb1d949ef755e7c796b88ff00a86a8161b2b5c3e68c34b5df240a1efe22eebae3c186f25c6dc74042527ebe7ad9514595a2faab279393c14efa3952e991c9f353209c1d5e40dec1435da08ed2ea7bc2fe2e003a2c3ff9414d66ca89fda756652ec8de6a4ee0428c886fee7d90c26416d808448a952dd5216b52bf89d31e433cf9f6b63599e945386d50900fde05fcc7dc2fa03e1a62d354e05d438dfa879f30d781e80381f555ef67d6997bbc5496a6505a215d8ae00f53ac1c9581aeb05de607c4e843ae990dde11ee3af3cd429d220c39118215362d48b082d1c254d294923b92a00652720e8a2c007117f0ee43a3ad3d71119d4ff9f653cfa4c67712ef4d2a956a489b22914180fd3df8b4f3e24694f0fc50084e70e84a4e064139f4cebd0c0f73acd6eb7fafe68a562d361186d317d74c01363a91b5ed7f2be84eca40efa57b7ab6f9ab46c7da1db3b26e0dd5bce6bbef6fdff565bd0edaa63647893e6c68f92a59eecb6c78a8ee23e2563478e9a0634f5c4dfb86fe67b82ce3a5a0c5617494b25e166864b1ca4ffc5b7b66276d0586a49b6ef9f4f506fa725d52b37a49a5aaea4edb52a056a5d328fee911f9c643ae95a580a3da8095709c9290a233aaca517a975cf16f7d152634f84523236dc8cf9b7d6c1baebe3e8ac86df692686e36938595025293f31c6adf1da532d23434f0be6ee9612ec481e2dfca44d4a9321e947b1248eee558f2d6069f09a812deca95af01a9776f539f690028ab253ea35d57a3d098002545a821e2c948fd35440c27903e5ae8714b759f9e9dcc29373a03cbc36463b41c653a9ad208d143232944cdd156b27bf2700f3a2c698e702d59e1de7ea999aa30e354696e08eb7bb5210e7079d724c3e91cf9b508f84e691c13e7d1ad5a457ee0a7d42a2f152dd752aee715e433ad7c2c00d96966fdb65a04a5161fa7474b2e21c6c3207720fae39d5c52c2248c8e547d085d2153c442e76b8a5f88ac80a3a5642f326a364c6332241eeb6d0edcef3db5fd55dcbb529374d21b7fc6822a1142de8527b149122339f99a7521470a491f2391c69b5f1c72372bc5c2b3c3b13aec2a7eb207969e6c771dc7bc782ca8ee56da54f673736f9da6bc1523be913dfa749a8f8651e2c57077449a8feeb8d29b5ff988f31ae3789e1ffa3aa735dc1f6e17d4581e2e316c3595119ecbc6a3b88dc7ae8a0beed6c2bb5ddcda2df0d5f376c2a8597323fec6b55155f1282a084e30b84afc35f715295de7e2ce08230353a8712eaa94c561aee4804fdd5ed141473d4b24973585ff006b88f50343f30ad2360772b7d63db2b8113731fb5233f5269c22dea4c2a594f69561287928c8400b57e5f8b81cf1a3d2d63a9a2ca1d6b6d61ae9e2afb10e87742659993988ca7ff63dce1ffc8b776db782b21da4a65b36d51dc4a6526b37257a4244ea938f175e7dc5904f7ad44a96af32544eab1f312c777951f1ea896adcc646036160d1b6000b7701a01dc2ca4e5b941425d7e536df87ef8fa0ba909f4427b46742a784ba4bae6f8957865dbcfdd486b31e695364d3d4410e424a9beef2ca0e08fe4aff004d6d70a820ab718dfdc3eab8ff004b60269592f3988f51fd271052e3039ec47fd1abb1d1ba71ad9617339096e2b4d7e54a47d00d4c8f0e8e9ad64dbdd77238f21f4e31ab111b00d17ad7401f65b5e3b80fb9d1a306fa2af9e2638a0deecda394a0797271a96c690abdf101b2c2048ab381119a53c7c36148ca4afcce79d6169981aeba3e0858d8c153d3a75dd9ac53a45398a22c82dba90a292753d97bab9aa98e4d1691fa6cbae75cf6eb4fca5b8a714c82ea5678cfafebab2a5073855b4b239d3594a7c01cf967d4eb49d5c6c62b24064ad290a390063cc9d505738172424345d52ffb5aecca5376b6d7eebc3a5c64d760dc326895aa8b4c80eca80ec753cc34eabf88216cba519f2f114070758ce9253b65a56bbfdd7b2e99f0c3199a2aa9a989bb080eb791b123d755466ccda4d564090a7c3857c0529c03bda1e47ee39fe5ac046d73491c85dcd951d5ca0f0764f66dbd3614ea9330113152210f890d970e15dcace0f3e98f2d593257e81bd95aea7947539cea55b3f4f96932c787519521086624726280e6501447c4acfa7db42780f93b4ed952e37521905da352a76409b15d11d1057fd99ac871cc602bd3fdb5e8eaa27bb2b385ccaa2099a0ba4fdc76f05dab17c5b9b7b4d9d7d5df70d2ad5b5adc09915fb92bb2c478506295a50a7643a7e16db0569ee5a884a472a200275a5c0a7cb5edee371eab1fd28a73360ce68dc588f96fed7529a34966545624b0eb4fb0fb285b2fb2e05a16850052a4a87041041047041c8d74965416c7676eb952fab7928c9e0f1f3d457cbd614d7383775f90e85278f51cfcf450fb84deb020eb58c8c9001f2cf1a735c2ea14cfbae65791c63046a7b1ca33dcbce7e16e3c3accb8ccb723b94974018579f3cffbeb1e22c82eab3089486856e7d1951a9952aed32538e84c558478e1c3ea0e88c7005691ce8dcd5a74dbab8ec7b16d48ccc471a0e38c05be63e3938f2d584553d49b80a17eb29e9c9d2e4a4fdcdd4408b3551e94c216c864a92e7e6274096ba691da95165c56427b3a244d37756e1b8e72dc538e868a7e0652719fd3406cd98a86da97caed4acd3f59ded694754bd6bb9d11ec75468971f4fbb3f6256676e85ff4b0cca457af68ea650d261cae4fb9422f3b1fb9a3dafbeb7544a9b6dbcc0e94462970569768e7387d095d93e14523ce345ee1b34fb91f551267c69f47a919090f3d4890f773c58510b8eb27e25207c8fa8d72b9657e7b8dd7d20da68c8b70a5e6c9dc54f8afb08126373dbdae48694719f3c8cf3fe9a1999c3549d654c7d869d07aab71d9faab1558ecb0ed49c5b394fe0c7586db2ae38ed1c91f72750df348f75ac93a874a6f21bfe7729b541aab423a5b494a51c0680239fa6ac29ded6c42dcaa5c468dce96eb95fd6edadb89b717e6dddeb119aa59b7f59f53a1dd34f963b90fd3e7465b3210afba1c57f2d5ac352e81a1cddc6cb3b5342c95d63b72b249ececf6d96e6743d40b83a51df2a5d6379f6cb676f5a95bf6ed719ac765cb42890e5ad9f0d953a4a2545ed6fbd0c2d48537ddda87027091d96002ba91930ff7007d5705c5a80d2d7c9134fed711f207ecb519d33fb47ba55ea7d7086d5efd5875caf4c6c172c7ac569349afb2ae328729f28a1d2a19c1280b4fc891cebce89cc59d9229585594b0ea8b2d3aa494a56804128383f63a0e7cae4761716025077d4959e709201f33e5a7324199459db70ba3293da064018c020718d58472051d8c2e2bcb3f6eaad55feb43913b54a42a5e46412464fcb548f6582a5a726119b857b7d24dcd59a43adb4fa14969c6d3e0ace78d40ca43d3e5c49edd02d0b6c634f5e9406a9b25d5a9c79b096df0e12493e9a90d66898c73a7dd34bd5ef59fd067b3e296ecaea537b2949be150caa9bb3d64015cbb65e4652053da565849ff0099214d23eba950e1f24a3656f0e112380bac6bfb477dbebbbfd5453ea7b4fd32d06bfd30ec254e0498574a5aaf3722eeba187494a9136732948871548f84c68c72aee5071d58f8756d4d86c306a753f9b2b4a5c320a7373a9f655d9ecc172e595d5d5bf4ab5e12aa32eaf6357d32e931cfe2bf0e3474c8712ca07e75a52c15840e4a50ac648c6aa7a6341357e0e4462ee690eb7c8dfcf45d23a038a43876387ac7656bda5b7f1b823dd69ca3d058aab2b4b7da52e01c14821493fede7ae225b986abe8e825b5b36c509a658736933589301f71012b0565048504f000f3f4d234169d53ea5c09b2b18d87aa5429ce4143b35e516c8ef52f8e3d73f4d439a07eedd93a9a58c34e6e158244bbe2b51232597c175e7003f173fa6a4d35f26bba8952eeb5c6c87dfd58adcab7554bb7204caad76a4d96e9d4b8082a79e514fc291f2c9c649e00c93819d5ac14f2ce4318dbb9dc0593aa9e28417c8e0d68e4ecbcee7af3db2b93a70eb6f7f36f2a5546ea1505d762d5e7bcd2488eb72a71d125c4239f892871c71017fc5db9f5d773c32924a4c3e28dfb8685c1b1eab82bf149678859a4e9f9e3ba8635bba6615264c38e5ba82540c595ef05b5c75a7f8db58f8bb81f2c6353c462faaa825db05337a7ff006a5f5ddd3b3d053b73d4d6ec536053d49f0e8158badeaad34a4792551651711dbf40068325340fd6cbd9197d42bfbe9a3fa51db9d0853a8dd53ed2d0ef988de10fde7b6a452e7ff8dc86b25a59ff00014fdb515d40d1ab4a83534425d41b2bfde9bbdb67d05f508e42a5d2375d365dc7352022dfdc28bfb39def3fc216a3d8a39f91d0c432c6557ba96a62171aac97ecfec951ff006b4aaa5454942fc6fc1463049d554920541135f2372856192b72f627a69b3bfad9bb17f506d78f1a3f890e13b212e4e9271c2198e9f8d6a3f418d0a2a79e77f64257611553b80685505d577b7db7f2eaa5d4f6cba55952f63ec379b5b122f783c5d139a3c12dbc38869573fbbcaf07f303abda6a06c22eed4ad161f83474babce63ecb3e7735cf5ebb6b351af5c75aaa576bb5a94b7ea959ad545c952e53ca39538f3ce28ad6a27272a24eacc00760ae8db2d824ca572529521d945fc2be0ee4e084fc89f5d3c9b3535b7ba9dbecc3dc38db5dd7f749d774e90ec4a6b5bcf4b815692cbbdaa446a815445f3e98f794ff002d31ee205cf16faa2b1a33d8737fa2f495ba3a2adaedc371570458d2ad7adcc5153f59b48210cbcee795bd1143b14b2739523b093c9c9e759ec4ba2783e22f2eb6479e47f2365abc1ba778f610c0c243d83876ff0023bfd5229ff678541c40452f70690e847eeddaa5baec7731fdef0d4b1acec9f0f0dfb130f98fb2d845f15e323fd4a73f275feb64a2b5ba13bf688e12bbeecb5249fced4198a3e7e78281ff007d03feded55f599b6f228c7e2ad0b4ddb03bd4294363749748a4c98f32e3bbaa75d7d91ffc7a753910db19f4ef5296a2323e9ab1a4f87d8740fcd2c85c7c2c3eea96bfe29e2950ccb044183c493f60a50c5b42dab5e9f25349a745a7a9c8e43f2f1df25d4e390a755f111c790c0fa6b554f86e1f86c768581a4f3c9f9eeb05578a6258b4979de5c071c0f96cbcdc7dbd518c3f6a16e97e008add4b6a6ce92c3406328544702547ea7b35603296b7c9447b5cd3654b52a4829536b407064e7ff1feba76964dd6e899e411daa6d6a07b1232a3ce00d780696a40ed4a14d4b7509ca54acfa60e34a012755e4a7a5dc532238d38dbaa4f6907b92a2083f31a5c8d4973ca96bb87ed15dc07512e8db6698f6bd332a4a2aee341d9ae0f2ee04f08d55c787c2cd48b940a6a28601b6aabeef6dcabc6ff00ab3d5abc2e4ac5c554773999579ca79607c9393f08fa0c6a7358d6ec14900009bd5baa59c938513e87440dba441dc3d9d8e91908747711a51baf70baa925454900ebd6e578147f67d7a7da9745bb74531cf06a96cd6e1d4a9ae84e7b64c4792f344ff9da4e98e68732dde95aec8f07b97af16c5ded16f3db1db6dcaa638936fee3d9b4aab94b2a0511dd9b19b79613fdd0b748fb60e840bb203cd94831b335bcd4984fbd3201c34b411f0929f4d15b2348d4201807050b44b960a72864249ff87e5a25d8508c763ba1699efb654e38e942139ed4a001a63e46b05d1190e67582ebdce3d09d932d4a529e41ed4acfe547cbf5d0c34bda5e51642d6b846de37f15e747fd2302d27da9b720690908ff00d08b39b5103cd486e4023fd71a231a044dfce53277e79150954896e41c7030703cfcf4eee4369b2e2cacbceb6957e50819fe674dbf6525ee51bbb0f08ca538c7cf44040d17af6d422f4a8b47b4f034f4a1d74ca7bc15e7279f2d02c427e965f5233827cb3cf1a70668909365f143919f41c71a71d424d095cdc1dcdad3c9f3c7ff00ba417ba4b05d595788c32b23929e73f31c1d785ac91cba30aed90dab82039f127483472f79af4c1f60e6f537bebecd0da2a6ca962556f6b599f6856d05dee5a554e7488ca57a8ef8aec623eda6c41a1a4771f63aa3c8e25c1c791ee34fe15dc58d55fdab49f749442a6d3945a91dc7e2f87c8fea3422d2d7593730012a9d4f600481da348e2fb5d3c16941e3b2a9d2920fee1be57a1b58e99fe08ae91b147e28caa6f7c4dc50ac0f3581e807a6a63c0b06a871922e579c87f4885e539ed3daeb84f717766edd560fc8b92873ff0048d11f60c6fe729b7baa23a8e16b5a7ea704687fb9c94597e20a0971a39e12d8f31f53e7a78cc99a94b16c25c6ff004c1d294fe510d4d92daca80e0fae9534dc8d53004763bdbc67e5a6dae941f643109eec818c01f2d386813b7283afbbb88c6401f6d21174d002fde0a9201ca4e7e5e7a60b824a25f4017d889282fb1f2577233e7da7ff003af0b14801baee11ce7bb90be75ed532cb60ff00d186eacac4db66ba92d94dcedc1b4ec3a44e668f755ad2ef7b9a352a13afa0aa1d41b43d21c423bfb0c25f6e7b8804807070cd2397c08f70899b3443bc1faad73ed16fc6ceee25ed584ed46eb6deee640872598b71bdb7f7846abb5026b882b65a7d6c2d4942d684a9401392013af17349b83aa406ec509badef6d6f4d9d18ee85dfb19706dd6f76e1eec59d120bb2e896b502241a53a25c644863b2a726400416dd4e4a59560823d35e9a292e2c3717408ea226defc28e2efb7f68946dcdb736c07495744a7ee8b61aad41a946de08de2a603b43155696e34606015367c3c057079e471a990d13835a3bff9fcb2872e24c32385b651aa99edf9ea5ba8099b8d3ba71e8da0c1a3599b6153ad439d5d72a9773efce86a65c315e3099619692ec632bb529cba5612524e082210c923bbb7fa223ea808ce5d76598af69f751b53eab7a99b137bae0b658b1aedbb7a71b60def62471200a2565b7e7a2543299094bc9ed294a80707776ad24e739d5461b5f5b5af999510988c52398dbecf68b16c834d9d7b5b820eaa535cc76a3955c33024159f91e33faead46857afaa150923f0bc81532907e9a51a2f1164a18870549ce4f9e0e9784e172742844f86990c7781e63cb5e1748dee5ffd9);

--
-- Índices para tablas volcadas
--

--
-- Indices de la tabla `amigos`
--
ALTER TABLE `amigos`
  ADD PRIMARY KEY (`id_usuario1`,`id_usuario2`),
  ADD KEY `id_usuario2` (`id_usuario2`);

--
-- Indices de la tabla `chats`
--
ALTER TABLE `chats`
  ADD PRIMARY KEY (`id`),
  ADD KEY `user1_id` (`user1_id`),
  ADD KEY `user2_id` (`user2_id`);

--
-- Indices de la tabla `ejercicios`
--
ALTER TABLE `ejercicios`
  ADD PRIMARY KEY (`id`);

--
-- Indices de la tabla `ejercicios_rutina`
--
ALTER TABLE `ejercicios_rutina`
  ADD PRIMARY KEY (`id`),
  ADD KEY `idEjercicio` (`idEjercicio`),
  ADD KEY `fk_ejercicios_rutina_rutinas` (`idRutina`);

--
-- Indices de la tabla `ejercicio_musculo`
--
ALTER TABLE `ejercicio_musculo`
  ADD PRIMARY KEY (`ejercicio_id`,`musculo_id`),
  ADD KEY `musculo_id` (`musculo_id`);

--
-- Indices de la tabla `mensajes`
--
ALTER TABLE `mensajes`
  ADD PRIMARY KEY (`id`),
  ADD KEY `chat_id` (`chat_id`),
  ADD KEY `emisor_id` (`emisor_id`);

--
-- Indices de la tabla `musculos`
--
ALTER TABLE `musculos`
  ADD PRIMARY KEY (`id`);

--
-- Indices de la tabla `rutinas`
--
ALTER TABLE `rutinas`
  ADD PRIMARY KEY (`id`),
  ADD KEY `idUsuario` (`idUsuario`);

--
-- Indices de la tabla `solicitudes_amistad`
--
ALTER TABLE `solicitudes_amistad`
  ADD PRIMARY KEY (`id`),
  ADD KEY `id_remitente` (`id_remitente`),
  ADD KEY `id_destinatario` (`id_destinatario`);

--
-- Indices de la tabla `usuarios`
--
ALTER TABLE `usuarios`
  ADD PRIMARY KEY (`id`),
  ADD UNIQUE KEY `nombre_usuario` (`nombre_usuario`);

--
-- AUTO_INCREMENT de las tablas volcadas
--

--
-- AUTO_INCREMENT de la tabla `chats`
--
ALTER TABLE `chats`
  MODIFY `id` int(11) NOT NULL AUTO_INCREMENT;

--
-- AUTO_INCREMENT de la tabla `ejercicios`
--
ALTER TABLE `ejercicios`
  MODIFY `id` int(11) NOT NULL AUTO_INCREMENT, AUTO_INCREMENT=76;

--
-- AUTO_INCREMENT de la tabla `ejercicios_rutina`
--
ALTER TABLE `ejercicios_rutina`
  MODIFY `id` int(11) NOT NULL AUTO_INCREMENT, AUTO_INCREMENT=15;

--
-- AUTO_INCREMENT de la tabla `mensajes`
--
ALTER TABLE `mensajes`
  MODIFY `id` int(11) NOT NULL AUTO_INCREMENT, AUTO_INCREMENT=9;

--
-- AUTO_INCREMENT de la tabla `musculos`
--
ALTER TABLE `musculos`
  MODIFY `id` int(11) NOT NULL AUTO_INCREMENT, AUTO_INCREMENT=9;

--
-- AUTO_INCREMENT de la tabla `rutinas`
--
ALTER TABLE `rutinas`
  MODIFY `id` int(11) NOT NULL AUTO_INCREMENT, AUTO_INCREMENT=22;

--
-- AUTO_INCREMENT de la tabla `solicitudes_amistad`
--
ALTER TABLE `solicitudes_amistad`
  MODIFY `id` int(11) NOT NULL AUTO_INCREMENT;

--
-- AUTO_INCREMENT de la tabla `usuarios`
--
ALTER TABLE `usuarios`
  MODIFY `id` int(11) NOT NULL AUTO_INCREMENT, AUTO_INCREMENT=4;

--
-- Restricciones para tablas volcadas
--

--
-- Filtros para la tabla `amigos`
--
ALTER TABLE `amigos`
  ADD CONSTRAINT `amigos_ibfk_1` FOREIGN KEY (`id_usuario1`) REFERENCES `usuarios` (`id`) ON DELETE CASCADE ON UPDATE CASCADE,
  ADD CONSTRAINT `amigos_ibfk_2` FOREIGN KEY (`id_usuario2`) REFERENCES `usuarios` (`id`) ON DELETE CASCADE ON UPDATE CASCADE;

--
-- Filtros para la tabla `chats`
--
ALTER TABLE `chats`
  ADD CONSTRAINT `chats_ibfk_1` FOREIGN KEY (`user1_id`) REFERENCES `usuarios` (`id`) ON DELETE CASCADE,
  ADD CONSTRAINT `chats_ibfk_2` FOREIGN KEY (`user2_id`) REFERENCES `usuarios` (`id`) ON DELETE CASCADE;

--
-- Filtros para la tabla `ejercicios_rutina`
--
ALTER TABLE `ejercicios_rutina`
  ADD CONSTRAINT `ejercicios_rutina_ibfk_2` FOREIGN KEY (`idEjercicio`) REFERENCES `ejercicios` (`id`),
  ADD CONSTRAINT `fk_ejercicios_rutina_rutinas` FOREIGN KEY (`idRutina`) REFERENCES `rutinas` (`id`) ON DELETE CASCADE;

--
-- Filtros para la tabla `ejercicio_musculo`
--
ALTER TABLE `ejercicio_musculo`
  ADD CONSTRAINT `ejercicio_musculo_ibfk_1` FOREIGN KEY (`ejercicio_id`) REFERENCES `ejercicios` (`id`),
  ADD CONSTRAINT `ejercicio_musculo_ibfk_2` FOREIGN KEY (`musculo_id`) REFERENCES `musculos` (`id`);

--
-- Filtros para la tabla `mensajes`
--
ALTER TABLE `mensajes`
  ADD CONSTRAINT `mensajes_ibfk_1` FOREIGN KEY (`chat_id`) REFERENCES `chats` (`id`) ON DELETE CASCADE,
  ADD CONSTRAINT `mensajes_ibfk_2` FOREIGN KEY (`emisor_id`) REFERENCES `usuarios` (`id`) ON DELETE CASCADE;

--
-- Filtros para la tabla `rutinas`
--
ALTER TABLE `rutinas`
  ADD CONSTRAINT `rutinas_ibfk_1` FOREIGN KEY (`idUsuario`) REFERENCES `usuarios` (`id`) ON DELETE CASCADE ON UPDATE CASCADE;

--
-- Filtros para la tabla `solicitudes_amistad`
--
ALTER TABLE `solicitudes_amistad`
  ADD CONSTRAINT `solicitudes_amistad_ibfk_1` FOREIGN KEY (`id_remitente`) REFERENCES `usuarios` (`id`) ON DELETE CASCADE ON UPDATE CASCADE,
  ADD CONSTRAINT `solicitudes_amistad_ibfk_2` FOREIGN KEY (`id_destinatario`) REFERENCES `usuarios` (`id`) ON DELETE CASCADE ON UPDATE CASCADE;
COMMIT;

/*!40101 SET CHARACTER_SET_CLIENT=@OLD_CHARACTER_SET_CLIENT */;
/*!40101 SET CHARACTER_SET_RESULTS=@OLD_CHARACTER_SET_RESULTS */;
/*!40101 SET COLLATION_CONNECTION=@OLD_COLLATION_CONNECTION */;
